result,xG,player,year
0.0,0.14831422,Christian Eriksen,2014
0.0,0.022930028,Andros Townsend,2014
0.0,0.05960085,Lewis Holtby,2014
0.0,0.032910544,Nabil Bentaleb,2014
0.0,0.035851642,Erik Lamela,2014
0.0,0.20201667,Emmanuel Adebayor,2014
1.0,0.26928142,Nacer Chadli,2014
0.0,0.08604509,Emmanuel Adebayor,2014
0.0,0.055021156,Christian Eriksen,2014
0.0,0.05580643,Nacer Chadli,2014
0.0,0.03792338,Nabil Bentaleb,2014
0.0,0.14523946,Christian Eriksen,2014
1.0,0.17552263,Nacer Chadli,2014
0.0,0.23946674,Emmanuel Adebayor,2014
0.0,0.030758616,Erik Lamela,2014
0.0,0.23296356,Christian Eriksen,2014
0.0,0.019604698,Christian Eriksen,2014
1.0,0.25999954,Emmanuel Adebayor,2014
0.0,0.039113384,Erik Lamela,2014
0.0,0.025705688,Younes Kaboul,2014
0.0,0.046262376,Nacer Chadli,2014
0.0,0.13909978,Emmanuel Adebayor,2014
0.0,0.15337446,Nacer Chadli,2014
0.0,0.051547676,Emmanuel Adebayor,2014
0.0,0.07067805,Emmanuel Adebayor,2014
0.0,0.12948208,Danny Rose,2014
0.0,0.094769545,Emmanuel Adebayor,2014
0.0,0.3273566,Emmanuel Adebayor,2014
0.0,0.020410452,Christian Eriksen,2014
0.0,0.023650913,Mousa Dembélé,2014
0.0,0.021054951,Christian Eriksen,2014
0.0,0.026641611,Erik Lamela,2014
0.0,0.071022086,Erik Lamela,2014
0.0,1.3399064e-13,Harry Kane,2014
0.0,0.08523945,Emmanuel Adebayor,2014
0.0,0.07506906,Christian Eriksen,2014
0.0,0.069408014,Younes Kaboul,2014
0.0,0.06328644,Nacer Chadli,2014
0.0,0.16055664,Roberto Soldado,2014
0.0,0.08492268,Emmanuel Adebayor,2014
0.0,0.06755804,Nacer Chadli,2014
0.0,0.14475225,Emmanuel Adebayor,2014
0.0,0.062102206,Christian Eriksen,2014
1.0,0.16746533,Nacer Chadli,2014
0.0,0.028414384,Ryan Mason,2014
0.0,0.059571087,Jan Vertonghen,2014
0.0,0.034401637,Christian Eriksen,2014
0.0,0.03751152,Erik Lamela,2014
1.0,0.0785971,Christian Eriksen,2014
0.0,0.12637626,Nacer Chadli,2014
0.0,0.07260501,Nacer Chadli,2014
0.0,0.08369282,Eric Dier,2014
0.0,0.03155861,Ryan Mason,2014
0.0,0.25076264,Ryan Mason,2014
1.0,0.105365194,Christian Eriksen,2014
0.0,0.076442726,Christian Eriksen,2014
0.0,0.022289177,Christian Eriksen,2014
0.0,0.23003876,Erik Lamela,2014
0.0,0.11448961,Ryan Mason,2014
0.0,0.02328135,Etienne Capoue,2014
0.0,0.016311573,Etienne Capoue,2014
0.0,0.021508848,Etienne Capoue,2014
0.0,0.021551833,Nacer Chadli,2014
0.0,0.115649015,Christian Eriksen,2014
0.0,0.027317816,Andros Townsend,2014
0.0,0.025864819,Jan Vertonghen,2014
0.0,0.03366706,Christian Eriksen,2014
0.0,0.09539588,Nacer Chadli,2014
1.0,0.32916996,Emmanuel Adebayor,2014
0.0,0.037440654,Danny Rose,2014
0.0,0.016394703,Ryan Mason,2014
0.0,0.028238725,Etienne Capoue,2014
0.0,0.15949602,Nacer Chadli,2014
0.0,0.18314183,Christian Eriksen,2014
0.0,0.019200277,Christian Eriksen,2014
0.0,0.037959967,Christian Eriksen,2014
0.0,0.316164,Harry Kane,2014
0.0,0.06138554,Christian Eriksen,2014
0.0,0.034340516,Eric Dier,2014
0.0,0.036011733,Aaron Lennon,2014
0.0,0.16174573,Roberto Soldado,2014
0.0,0.027632482,Roberto Soldado,2014
0.0,0.12738557,Christian Eriksen,2014
0.0,0.21933427,Christian Eriksen,2014
0.0,0.19312124,Roberto Soldado,2014
0.0,0.032465614,Younes Kaboul,2014
0.0,0.5711877,Younes Kaboul,2014
0.0,0.18006723,Emmanuel Adebayor,2014
0.0,0.036692582,Nacer Chadli,2014
0.0,0.45077765,Emmanuel Adebayor,2014
0.0,0.07816124,Harry Kane,2014
0.0,0.021029856,Erik Lamela,2014
0.0,0.026138185,Erik Lamela,2014
1.0,0.191972,Nacer Chadli,2014
0.0,0.011291422,Ryan Mason,2014
0.0,0.34121498,Harry Kane,2014
0.0,0.024468714,Andros Townsend,2014
0.0,0.04751058,Christian Eriksen,2014
0.0,0.026452681,Ryan Mason,2014
0.0,0.062058367,Andros Townsend,2014
0.0,0.14927976,Harry Kane,2014
0.0,0.015719675,Etienne Capoue,2014
0.0,0.070942625,Erik Lamela,2014
1.0,0.15775606,Nacer Chadli,2014
0.0,0.025785713,Ryan Mason,2014
0.0,0.09672875,Harry Kane,2014
0.0,0.033923957,Roberto Soldado,2014
0.0,0.03094633,Erik Lamela,2014
0.0,0.12427759,Christian Eriksen,2014
0.0,0.06985055,Harry Kane,2014
0.0,0.04263556,Erik Lamela,2014
0.0,0.01621281,Eric Dier,2014
0.0,0.0076553877,Christian Eriksen,2014
0.0,0.09343978,Harry Kane,2014
0.0,0.008053877,Mousa Dembélé,2014
0.0,0.043424036,Federico Fazio,2014
0.0,0.3468543,Roberto Soldado,2014
0.0,0.0892287,Christian Eriksen,2014
1.0,0.35013923,Harry Kane,2014
0.0,0.04543782,Jan Vertonghen,2014
0.0,0.26967406,Roberto Soldado,2014
0.0,0.48472086,Harry Kane,2014
0.0,0.020339506,Ryan Mason,2014
0.0,0.17367463,Erik Lamela,2014
1.0,0.07365497,Christian Eriksen,2014
1.0,0.20806368,Christian Eriksen,2014
0.0,0.013882676,Ryan Mason,2014
0.0,0.06972283,Harry Kane,2014
1.0,0.09324209,Roberto Soldado,2014
0.0,0.018572483,Roberto Soldado,2014
0.0,0.03121862,Harry Kane,2014
0.0,0.04670436,Christian Eriksen,2014
0.0,0.03831498,Ryan Mason,2014
0.0,0.016258124,Vlad Chiriches,2014
0.0,0.064623475,Christian Eriksen,2014
0.0,0.02723924,Jan Vertonghen,2014
0.0,0.12947343,Harry Kane,2014
0.0,0.12939087,Harry Kane,2014
0.0,0.02751377,Erik Lamela,2014
0.0,0.021740051,Nabil Bentaleb,2014
0.0,0.018384123,Christian Eriksen,2014
0.0,0.015535457,Jan Vertonghen,2014
0.0,0.02167854,Nabil Bentaleb,2014
0.0,0.031883985,Christian Eriksen,2014
0.0,0.2461136,Roberto Soldado,2014
0.0,0.043802787,Harry Kane,2014
0.0,0.12749693,Roberto Soldado,2014
0.0,0.0964493,Roberto Soldado,2014
0.0,0.027069982,Harry Kane,2014
0.0,0.021053754,Christian Eriksen,2014
0.0,0.22423705,Paulinho,2014
0.0,0.02537084,Nabil Bentaleb,2014
0.0,0.058257014,Nacer Chadli,2014
0.0,0.030862002,Roberto Soldado,2014
1.0,0.10236612,Harry Kane,2014
0.0,0.024672767,Erik Lamela,2014
0.0,0.031051474,Harry Kane,2014
0.0,0.021250676,Christian Eriksen,2014
1.0,0.16185631,Christian Eriksen,2014
0.0,0.061050583,Ryan Mason,2014
0.0,0.14771211,Christian Eriksen,2014
0.0,0.049634974,Harry Kane,2014
0.0,0.030477777,Harry Kane,2014
0.0,0.02469105,Ryan Mason,2014
1.0,0.27740222,Harry Kane,2014
0.0,0.15038179,Christian Eriksen,2014
1.0,0.027329069,Erik Lamela,2014
0.0,0.10253151,Ryan Mason,2014
0.0,0.023265654,Harry Kane,2014
0.0,0.04238259,Harry Kane,2014
0.0,0.03510908,Nabil Bentaleb,2014
0.0,0.0405024,Harry Kane,2014
0.0,0.048231132,Harry Kane,2014
0.0,0.033153303,Benjamin Stambouli,2014
0.0,0.016419565,Federico Fazio,2014
0.0,0.1381851,Nacer Chadli,2014
1.0,0.41517815,Harry Kane,2014
0.0,0.035900496,Nacer Chadli,2014
0.0,0.27929762,Harry Kane,2014
0.0,0.022276016,Danny Rose,2014
1.0,0.07958249,Christian Eriksen,2014
0.0,0.016817227,Harry Kane,2014
0.0,0.025527835,Ryan Mason,2014
0.0,0.03948375,Andros Townsend,2014
0.0,0.05160573,Nacer Chadli,2014
0.0,0.028153628,Ben Davies,2014
0.0,0.015339126,Andros Townsend,2014
0.0,0.039646264,Christian Eriksen,2014
0.0,0.13877235,Federico Fazio,2014
0.0,0.14543757,Nacer Chadli,2014
1.0,0.044331025,Harry Kane,2014
1.0,0.07436977,Harry Kane,2014
0.0,0.20524293,Christian Eriksen,2014
1.0,0.13224854,Nacer Chadli,2014
0.0,0.02379007,Mousa Dembélé,2014
0.0,0.041035395,Harry Kane,2014
0.0,0.428839,Christian Eriksen,2014
0.0,0.08672342,Nacer Chadli,2014
1.0,0.1270862,Harry Kane,2014
0.0,0.083713084,Christian Eriksen,2014
0.0,0.0120157935,Jan Vertonghen,2014
0.0,0.018681867,Harry Kane,2014
0.0,0.049927935,Christian Eriksen,2014
0.0,0.032051705,Christian Eriksen,2014
0.0,0.04164348,Danny Rose,2014
0.0,0.026647868,Kyle Walker,2014
0.0,0.035581816,Harry Kane,2014
0.0,0.028919451,Danny Rose,2014
0.0,0.025818123,Harry Kane,2014
0.0,0.0418394,Christian Eriksen,2014
0.0,0.03897766,Danny Rose,2014
0.0,0.056119416,Harry Kane,2014
0.0,0.061487827,Christian Eriksen,2014
0.0,0.03349517,Harry Kane,2014
0.0,0.019602407,Harry Kane,2014
0.0,0.02815103,Mousa Dembélé,2014
0.0,0.18502513,Nacer Chadli,2014
0.0,0.037208773,Emmanuel Adebayor,2014
0.0,0.025652776,Christian Eriksen,2014
0.0,0.025778815,Andros Townsend,2014
0.0,0.034180585,Nacer Chadli,2014
0.0,0.016472269,Kyle Walker,2014
1.0,0.060734898,Christian Eriksen,2014
0.0,0.022579253,Erik Lamela,2014
0.0,0.026686892,Christian Eriksen,2014
0.0,0.027157702,Danny Rose,2014
0.0,0.19439735,Harry Kane,2014
0.0,0.05391068,Jan Vertonghen,2014
0.0,0.03755322,Erik Lamela,2014
0.0,0.07231939,Harry Kane,2014
0.0,0.0163337,Paulinho,2014
0.0,0.02635987,Harry Kane,2014
0.0,0.033720315,Danny Rose,2014
0.0,0.03612757,Nabil Bentaleb,2014
0.0,0.041059833,Danny Rose,2014
0.0,0.02776031,Ryan Mason,2014
0.0,0.02215541,Jan Vertonghen,2014
0.0,0.05772495,Nabil Bentaleb,2014
0.0,0.036176402,Harry Kane,2014
0.0,0.04193081,Nabil Bentaleb,2014
0.0,0.020777715,Ryan Mason,2014
1.0,0.23949958,Harry Kane,2014
0.0,0.024142142,Christian Eriksen,2014
0.0,0.06114397,Mousa Dembélé,2014
0.0,0.036341246,Eric Dier,2014
0.0,0.013884531,Ryan Mason,2014
0.0,0.025988735,Nabil Bentaleb,2014
0.0,0.026198065,Ryan Mason,2014
0.0,0.2509436,Erik Lamela,2014
0.0,0.021781974,Danny Rose,2014
0.0,0.046434276,Ryan Mason,2014
0.0,0.23214452,Nabil Bentaleb,2014
0.0,0.0193231,Christian Eriksen,2014
0.0,0.0056021013,Harry Kane,2014
1.0,0.1907534,Harry Kane,2014
0.0,0.03800583,Mousa Dembélé,2014
0.0,0.05269545,Erik Lamela,2014
0.0,0.109865434,Harry Kane,2014
0.0,0.059353743,Erik Lamela,2014
0.0,0.015345247,Ryan Mason,2014
0.0,0.04342233,Christian Eriksen,2014
0.0,0.07036761,Erik Lamela,2014
0.0,0.25025982,Harry Kane,2014
0.0,0.089419805,Danny Rose,2014
0.0,0.037307344,Ryan Mason,2014
0.0,0.021521065,Ryan Mason,2014
0.0,0.037956625,Ryan Mason,2014
0.0,0.03968274,Ryan Mason,2014
0.0,0.019801516,Kyle Walker,2014
0.0,0.045467794,Harry Kane,2014
0.0,0.028431766,Nabil Bentaleb,2014
0.0,0.071223795,Harry Kane,2014
0.0,0.05950116,Christian Eriksen,2014
0.0,0.12877998,Christian Eriksen,2014
1.0,0.030061996,Danny Rose,2014
0.0,0.034936324,Erik Lamela,2014
0.0,0.02979277,Danny Rose,2014
0.0,0.18947639,Jan Vertonghen,2014
1.0,0.2567506,Nacer Chadli,2014
0.0,0.040085502,Andros Townsend,2014
0.0,0.06247983,Ryan Mason,2014
0.0,0.029634824,Nabil Bentaleb,2014
0.0,0.027573146,Andros Townsend,2014
0.0,0.016456509,Harry Kane,2014
0.0,0.055960953,Harry Kane,2014
0.0,0.024954868,Christian Eriksen,2014
0.0,0.018279238,Nacer Chadli,2014
0.0,0.025367033,Nabil Bentaleb,2014
0.0,0.015496291,Christian Eriksen,2014
0.0,0.05038427,Harry Kane,2014
1.0,0.19073766,Ryan Mason,2014
0.0,0.02600861,Christian Eriksen,2014
1.0,0.16137968,Andros Townsend,2014
0.0,0.08082626,Kyle Walker,2014
0.0,0.20462383,Harry Kane,2014
0.0,0.017972149,Harry Kane,2014
0.0,0.03529709,Mousa Dembélé,2014
0.0,0.07694749,Roberto Soldado,2014
1.0,0.27583432,Harry Kane,2014
0.0,0.207248,Ryan Mason,2014
0.0,0.057562053,Harry Kane,2014
0.0,0.017470898,Christian Eriksen,2014
0.0,0.2087262,Harry Kane,2014
0.0,0.04945626,Andros Townsend,2014
0.0,0.038578376,Christian Eriksen,2014
0.0,0.0043627424,Christian Eriksen,2014
1.0,0.14495154,Harry Kane,2014
0.0,0.08076421,Christian Eriksen,2014
0.0,0.051484417,Mousa Dembélé,2014
0.0,0.035383847,Jan Vertonghen,2014
0.0,0.092944056,Harry Kane,2014
1.0,0.37415576,Harry Kane,2014
1.0,0.1528277,Harry Kane,2014
0.0,0.07910751,Christian Eriksen,2014
0.0,0.18871441,Nacer Chadli,2014
0.0,0.016125062,Nacer Chadli,2014
0.0,0.34390464,Harry Kane,2014
0.0,0.17840222,Nacer Chadli,2014
0.0,0.29754207,Christian Eriksen,2014
0.0,0.017351817,Nacer Chadli,2014
0.0,0.09196455,Nacer Chadli,2014
0.0,0.016539326,Danny Rose,2014
0.0,0.030981585,Ryan Mason,2014
0.0,0.020200606,Harry Kane,2014
0.0,0.022356551,Christian Eriksen,2014
0.0,0.12624063,Harry Kane,2014
0.0,0.029091954,Danny Rose,2014
0.0,0.03122045,Paulinho,2014
0.0,0.0076800813,Nabil Bentaleb,2014
0.0,0.036886632,Federico Fazio,2014
0.0,0.051106226,Christian Eriksen,2014
0.0,0.06454849,Danny Rose,2014
0.0,0.01403219,Harry Kane,2014
0.0,0.09945869,Christian Eriksen,2014
0.0,0.057124566,Danny Rose,2014
0.0,0.13283078,Nacer Chadli,2014
0.0,0.038065217,Harry Kane,2014
0.0,0.0651506,Harry Kane,2014
0.0,0.048839767,Christian Eriksen,2014
1.0,0.022544796,Nacer Chadli,2014
0.0,0.06185374,Harry Kane,2014
1.0,0.12261747,Christian Eriksen,2014
0.0,0.1894697,Nabil Bentaleb,2014
0.0,0.3445805,Harry Kane,2014
0.0,0.18354355,Danny Rose,2014
0.0,0.027992945,Nabil Bentaleb,2014
0.0,0.029101115,Harry Kane,2014
1.0,0.18980204,Harry Kane,2014
0.0,0.018436791,Nacer Chadli,2014
0.0,0.21287248,Ryan Mason,2014
1.0,0.16034082,Erik Lamela,2014
0.0,0.02971182,Nacer Chadli,2014
1.0,0.13349584,Nacer Chadli,2014
0.0,0.035439294,Harry Kane,2014
0.0,0.16901335,Eric Dier,2014
0.0,0.06263211,Harry Kane,2014
0.0,0.024007624,Harry Kane,2014
0.0,0.3978184,Harry Kane,2014
0.0,0.029722145,Nabil Bentaleb,2014
0.0,0.07980078,Danny Rose,2014
0.0,0.12919258,Eric Dier,2014
0.0,0.20515592,Nabil Bentaleb,2014
0.0,0.06463544,Federico Fazio,2014
0.0,0.02070675,Harry Kane,2014
0.0,0.029677168,Christian Eriksen,2014
0.0,0.33238795,Ryan Mason,2014
0.0,0.119897,Nabil Bentaleb,2014
0.0,0.041566644,Erik Lamela,2014
0.0,0.028744783,Harry Kane,2014
0.0,0.022376476,Nacer Chadli,2014
0.0,0.06389755,Paulinho,2014
0.0,0.020334804,Ryan Mason,2014
0.0,0.14684044,Ryan Mason,2014
0.0,0.026297076,Christian Eriksen,2014
0.0,0.06506129,Eric Dier,2014
0.0,0.016866857,Harry Kane,2014
0.0,0.06531148,Christian Eriksen,2014
0.0,0.040428437,Christian Eriksen,2014
0.0,0.076608986,Erik Lamela,2014
0.0,0.04201652,Eric Dier,2014
0.0,0.28144938,Erik Lamela,2014
1.0,0.18618748,Nacer Chadli,2014
0.0,0.02156484,Harry Kane,2014
0.0,0.06001791,Harry Kane,2014
0.0,0.027391996,Erik Lamela,2014
0.0,0.02086684,Harry Kane,2014
0.0,0.16216883,Erik Lamela,2014
0.0,0.024874011,Mousa Dembélé,2014
0.0,0.02081097,Harry Kane,2014
1.0,0.20199084,Harry Kane,2014
0.0,0.1958935,Harry Kane,2014
0.0,0.04735066,Christian Eriksen,2014
0.0,0.03595161,Federico Fazio,2014
0.0,0.1843053,Harry Kane,2014
0.0,0.16454604,Nacer Chadli,2014
0.0,0.14895377,Christian Eriksen,2015
0.0,0.024953673,Harry Kane,2015
0.0,0.02011148,Toby Alderweireld,2015
0.0,0.040950026,Harry Kane,2015
0.0,0.157137,Kyle Walker,2015
0.0,0.03239628,Toby Alderweireld,2015
0.0,0.05011367,Christian Eriksen,2015
0.0,0.1621051,Harry Kane,2015
0.0,0.045159962,Christian Eriksen,2015
0.0,0.085860886,Christian Eriksen,2015
0.0,0.032810375,Ryan Mason,2015
1.0,0.19147891,Eric Dier,2015
0.0,0.24822555,Ryan Mason,2015
0.0,0.01640361,Christian Eriksen,2015
1.0,0.15254141,Nacer Chadli,2015
0.0,0.35340902,Harry Kane,2015
0.0,0.1161586,Ryan Mason,2015
0.0,0.033677876,Mousa Dembélé,2015
0.0,0.12196619,Erik Lamela,2015
0.0,0.05213183,Ben Davies,2015
0.0,0.03174796,Mousa Dembélé,2015
0.0,0.09036832,Eric Dier,2015
0.0,0.028154697,Mousa Dembélé,2015
0.0,0.029681029,Harry Kane,2015
0.0,0.048924986,Harry Kane,2015
0.0,0.022674974,Ryan Mason,2015
0.0,0.29711244,Erik Lamela,2015
0.0,0.1389149,Nacer Chadli,2015
0.0,0.084993005,Nacer Chadli,2015
0.0,0.02665012,Nacer Chadli,2015
0.0,0.25024432,Harry Kane,2015
0.0,0.07607548,Nacer Chadli,2015
1.0,0.5266443,Dele Alli,2015
0.0,0.43136746,Dele Alli,2015
0.0,0.03401808,Harry Kane,2015
0.0,0.040045947,Nabil Bentaleb,2015
0.0,0.20060553,Ryan Mason,2015
0.0,0.02792204,Ryan Mason,2015
0.0,0.017818429,Harry Kane,2015
0.0,0.13847382,Harry Kane,2015
0.0,0.13904019,Ryan Mason,2015
0.0,0.05245994,Nabil Bentaleb,2015
0.0,0.13014777,Toby Alderweireld,2015
0.0,0.09974215,Nacer Chadli,2015
0.0,0.117377296,Nacer Chadli,2015
0.0,0.29323,Ryan Mason,2015
0.0,0.11473741,Dele Alli,2015
0.0,0.19297323,Harry Kane,2015
0.0,0.13533597,Nacer Chadli,2015
0.0,0.032143593,Eric Dier,2015
0.0,0.03594614,Danny Rose,2015
0.0,0.02251493,Son Heung-Min,2015
0.0,0.038460054,Harry Kane,2015
0.0,0.022730252,Son Heung-Min,2015
0.0,0.083733745,Nacer Chadli,2015
0.0,0.05248818,Andros Townsend,2015
1.0,0.26259863,Ryan Mason,2015
0.0,0.112382114,Harry Kane,2015
0.0,0.07656138,Erik Lamela,2015
0.0,0.024874335,Nacer Chadli,2015
0.0,0.034508634,Son Heung-Min,2015
0.0,0.021179996,Dele Alli,2015
0.0,0.07170503,Son Heung-Min,2015
0.0,0.03504633,Erik Lamela,2015
0.0,0.063335896,Nacer Chadli,2015
0.0,0.065652005,Son Heung-Min,2015
0.0,0.025202164,Ben Davies,2015
0.0,0.10092608,Dele Alli,2015
0.0,0.2141269,Erik Lamela,2015
0.0,0.080292866,Erik Lamela,2015
0.0,0.032298323,Toby Alderweireld,2015
0.0,0.054387107,Son Heung-Min,2015
1.0,0.052890785,Son Heung-Min,2015
0.0,0.047672987,Christian Eriksen,2015
0.0,0.095809676,Dele Alli,2015
0.0,0.10019951,Dele Alli,2015
0.0,0.019393958,Harry Kane,2015
0.0,0.051914472,Harry Kane,2015
0.0,0.14215298,Erik Lamela,2015
0.0,0.04864397,Harry Kane,2015
0.0,0.14727154,Erik Lamela,2015
0.0,0.0740096,Erik Lamela,2015
0.0,0.18614863,Harry Kane,2015
0.0,0.43533438,Son Heung-Min,2015
1.0,0.040038124,Eric Dier,2015
1.0,0.18399794,Toby Alderweireld,2015
0.0,0.059761867,Christian Eriksen,2015
1.0,0.09089802,Harry Kane,2015
0.0,0.02552462,Harry Kane,2015
1.0,0.20890467,Erik Lamela,2015
0.0,0.038061813,Toby Alderweireld,2015
0.0,0.03264802,Nacer Chadli,2015
0.0,0.03835671,Nacer Chadli,2015
0.0,0.019489817,Christian Eriksen,2015
1.0,0.04653439,Christian Eriksen,2015
0.0,7.454032e-07,Harry Kane,2015
0.0,0.07556794,Harry Kane,2015
0.0,0.07809714,Christian Eriksen,2015
0.0,0.026753398,Harry Kane,2015
0.0,0.03658554,Christian Eriksen,2015
1.0,0.056001954,Christian Eriksen,2015
0.0,0.022305341,Andros Townsend,2015
0.0,0.022936227,Dele Alli,2015
0.0,0.028650269,Clinton N&#039;Jie,2015
0.0,0.035653982,Andros Townsend,2015
0.0,0.025845844,Christian Eriksen,2015
0.0,0.12611097,Harry Kane,2015
0.0,0.15659344,Dele Alli,2015
0.0,0.024843266,Clinton N&#039;Jie,2015
0.0,0.20914002,Harry Kane,2015
0.0,0.022226606,Mousa Dembélé,2015
0.0,0.019070782,Kyle Walker,2015
0.0,0.031296313,Harry Kane,2015
0.0,0.0131127965,Kyle Walker,2015
0.0,0.13759488,Harry Kane,2015
0.0,0.0022928494,Danny Rose,2015
0.0,0.035549596,Harry Kane,2015
1.0,0.45247003,Erik Lamela,2015
0.0,0.022560613,Dele Alli,2015
0.0,0.02841836,Toby Alderweireld,2015
1.0,0.41566908,Harry Kane,2015
0.0,0.040714886,Christian Eriksen,2015
0.0,0.15538096,Clinton N&#039;Jie,2015
0.0,0.029552769,Danny Rose,2015
0.0,0.11733518,Harry Kane,2015
0.0,0.037944492,Danny Rose,2015
0.0,0.025778612,Mousa Dembélé,2015
0.0,0.037873708,Harry Kane,2015
1.0,0.16624299,Dele Alli,2015
0.0,0.121808864,Eric Dier,2015
0.0,0.054265548,Danny Rose,2015
0.0,0.030316442,Dele Alli,2015
0.0,0.03162182,Christian Eriksen,2015
0.0,0.04013726,Erik Lamela,2015
0.0,0.027499711,Erik Lamela,2015
0.0,0.027129648,Erik Lamela,2015
0.0,0.03072845,Josh Onomah,2015
0.0,0.04002826,Mousa Dembélé,2015
0.0,0.03036803,Christian Eriksen,2015
0.0,0.033057723,Eric Dier,2015
0.0,0.030938907,Danny Rose,2015
1.0,0.19835162,Harry Kane,2015
0.0,0.089119054,Dele Alli,2015
0.0,0.10906138,Harry Kane,2015
0.0,0.052228566,Christian Eriksen,2015
0.0,0.09353734,Toby Alderweireld,2015
0.0,0.027146606,Harry Kane,2015
0.0,0.04535892,Harry Kane,2015
0.0,0.038999744,Christian Eriksen,2015
0.0,0.13335748,Dele Alli,2015
1.0,0.3406694,Harry Kane,2015
0.0,0.03471367,Jan Vertonghen,2015
1.0,0.25636232,Toby Alderweireld,2015
0.0,0.17205358,Son Heung-Min,2015
0.0,0.028858181,Dele Alli,2015
0.0,0.16077605,Harry Kane,2015
0.0,0.013800633,Dele Alli,2015
0.0,0.102242805,Harry Kane,2015
1.0,0.05350249,Harry Kane,2015
0.0,0.029791748,Son Heung-Min,2015
0.0,0.18366505,Christian Eriksen,2015
0.0,0.030586544,Harry Kane,2015
0.0,0.025588268,Harry Kane,2015
0.0,0.17661153,Ryan Mason,2015
0.0,0.017080626,Ryan Mason,2015
0.0,0.0354871,Harry Kane,2015
0.0,0.05008503,Harry Kane,2015
0.0,0.033552982,Mousa Dembélé,2015
0.0,0.024253957,Son Heung-Min,2015
0.0,0.03579808,Son Heung-Min,2015
0.0,0.05995238,Harry Kane,2015
0.0,0.02021697,Harry Kane,2015
1.0,0.28205866,Dele Alli,2015
0.0,0.023943262,Christian Eriksen,2015
0.0,0.39507595,Harry Kane,2015
0.0,0.05105265,Erik Lamela,2015
0.0,0.02946851,Mousa Dembélé,2015
0.0,0.047347434,Mousa Dembélé,2015
0.0,0.02151463,Harry Kane,2015
0.0,0.037966937,Erik Lamela,2015
0.0,0.029846294,Eric Dier,2015
0.0,0.025508637,Christian Eriksen,2015
0.0,0.011274735,Dele Alli,2015
0.0,0.058614295,Erik Lamela,2015
0.0,0.21200565,Erik Lamela,2015
1.0,0.098775305,Eric Dier,2015
0.0,0.03692446,Christian Eriksen,2015
0.0,0.09136959,Danny Rose,2015
0.0,0.02168305,Harry Kane,2015
0.0,0.105001576,Toby Alderweireld,2015
0.0,0.0309097,Christian Eriksen,2015
0.0,0.08245968,Son Heung-Min,2015
0.0,0.025552994,Christian Eriksen,2015
0.0,0.116164714,Erik Lamela,2015
0.0,0.034162346,Erik Lamela,2015
0.0,0.02831935,Dele Alli,2015
0.0,0.07379294,Christian Eriksen,2015
0.0,0.016104143,Toby Alderweireld,2015
0.0,0.041456115,Harry Kane,2015
1.0,0.36605746,Dele Alli,2015
0.0,0.021484949,Erik Lamela,2015
0.0,0.021099335,Christian Eriksen,2015
0.0,0.16989431,Tom Carroll,2015
0.0,0.09235864,Dele Alli,2015
0.0,0.061120182,Jan Vertonghen,2015
0.0,0.15711495,Toby Alderweireld,2015
0.0,0.22400741,Dele Alli,2015
1.0,0.05993656,Harry Kane,2015
0.0,0.020212777,Dele Alli,2015
0.0,0.21367753,Erik Lamela,2015
0.0,0.17523193,Erik Lamela,2015
0.0,0.08200584,Harry Kane,2015
0.0,0.059437364,Erik Lamela,2015
1.0,0.026858835,Tom Carroll,2015
1.0,0.12683517,Erik Lamela,2015
0.0,0.11921208,Erik Lamela,2015
0.0,0.016731668,Dele Alli,2015
0.0,0.01930249,Harry Kane,2015
0.0,0.015511182,Kieran Trippier,2015
0.0,0.057249,Christian Eriksen,2015
0.0,0.04145532,Harry Kane,2015
0.0,0.18795039,Harry Kane,2015
0.0,0.027075117,Toby Alderweireld,2015
1.0,0.22769798,Son Heung-Min,2015
0.0,0.01633085,Kyle Walker,2015
0.0,0.019570772,Harry Kane,2015
0.0,0.018552825,Harry Kane,2015
0.0,0.025331806,Dele Alli,2015
0.0,0.046743333,Erik Lamela,2015
0.0,0.018248579,Christian Eriksen,2015
0.0,0.0062856055,Ben Davies,2015
0.0,0.02053291,Dele Alli,2015
0.0,0.030064581,Tom Carroll,2015
0.0,0.16828735,Dele Alli,2015
1.0,0.20057933,Dele Alli,2015
0.0,0.23488101,Harry Kane,2015
0.0,0.041786652,Christian Eriksen,2015
0.0,0.027059222,Dele Alli,2015
0.0,0.03268186,Erik Lamela,2015
0.0,0.059655875,Dele Alli,2015
0.0,0.13023728,Toby Alderweireld,2015
0.0,0.023450457,Eric Dier,2015
0.0,0.04067198,Erik Lamela,2015
0.0,0.017375102,Toby Alderweireld,2015
0.0,0.014537943,Christian Eriksen,2015
0.0,0.043964602,Dele Alli,2015
0.0,0.017689174,Kyle Walker,2015
0.0,0.043365978,Christian Eriksen,2015
0.0,0.26414153,Erik Lamela,2015
0.0,0.21661924,Harry Kane,2015
0.0,0.067809984,Dele Alli,2015
0.0,0.25324515,Erik Lamela,2015
0.0,0.06726208,Dele Alli,2015
0.0,0.022548346,Jan Vertonghen,2015
0.0,0.19509986,Toby Alderweireld,2015
0.0,0.028334232,Harry Kane,2015
0.0,0.022480357,Danny Rose,2015
0.0,0.25755078,Harry Kane,2015
0.0,0.03411252,Mousa Dembélé,2015
0.0,0.030408068,Danny Rose,2015
0.0,0.040243395,Harry Kane,2015
0.0,0.08256039,Erik Lamela,2015
0.0,0.08385246,Harry Kane,2015
1.0,0.06243627,Christian Eriksen,2015
0.0,0.031159649,Christian Eriksen,2015
0.0,0.09127091,Toby Alderweireld,2015
0.0,0.055022594,Dele Alli,2015
0.0,0.092800766,Dele Alli,2015
0.0,0.018504705,Harry Kane,2015
0.0,0.037393548,Danny Rose,2015
1.0,0.08663294,Mousa Dembélé,2015
1.0,0.027775656,Christian Eriksen,2015
0.0,0.054999765,Harry Kane,2015
0.0,0.040448215,Harry Kane,2015
0.0,0.037624553,Toby Alderweireld,2015
0.0,0.021098942,Son Heung-Min,2015
0.0,0.19487432,Dele Alli,2015
0.0,3.3426957e-07,Jan Vertonghen,2015
0.0,0.027245283,Toby Alderweireld,2015
0.0,0.025523588,Dele Alli,2015
0.0,0.024303604,Mousa Dembélé,2015
0.0,0.24486695,Danny Rose,2015
0.0,0.018320708,Christian Eriksen,2015
0.0,0.048382398,Harry Kane,2015
0.0,0.060240306,Christian Eriksen,2015
0.0,0.026749374,Mousa Dembélé,2015
1.0,0.46717602,Harry Kane,2015
0.0,0.040251665,Christian Eriksen,2015
0.0,0.030157829,Christian Eriksen,2015
1.0,0.051030062,Dele Alli,2015
0.0,0.008482684,Dele Alli,2015
0.0,0.02535032,Harry Kane,2015
0.0,0.032269333,Christian Eriksen,2015
1.0,0.30011198,Dele Alli,2015
0.0,0.07779085,Eric Dier,2015
0.0,0.07121474,Toby Alderweireld,2015
0.0,0.01869209,Eric Dier,2015
0.0,0.09074485,Harry Kane,2015
0.0,0.15661639,Dele Alli,2015
0.0,0.044540904,Harry Kane,2015
0.0,0.0071162353,Christian Eriksen,2015
0.0,0.114219174,Harry Kane,2015
0.0,0.01665575,Christian Eriksen,2015
0.0,0.049671788,Christian Eriksen,2015
0.0,0.11873461,Harry Kane,2015
0.0,0.00846414,Erik Lamela,2015
0.0,0.08979449,Nacer Chadli,2015
0.0,0.032557964,Erik Lamela,2015
0.0,0.085178226,Mousa Dembélé,2015
0.0,0.07991098,Nacer Chadli,2015
0.0,0.34643838,Harry Kane,2015
0.0,0.025498658,Eric Dier,2015
0.0,0.027367806,Mousa Dembélé,2015
0.0,0.034334965,Erik Lamela,2015
1.0,0.29672658,Kieran Trippier,2015
0.0,0.087381676,Erik Lamela,2015
0.0,0.016600197,Eric Dier,2015
0.0,0.006510944,Eric Dier,2015
0.0,0.044654988,Son Heung-Min,2015
0.0,0.090201914,Christian Eriksen,2015
0.0,0.018242095,Eric Dier,2015
0.0,0.030251775,Danny Rose,2015
1.0,0.23979427,Christian Eriksen,2015
0.0,0.018553007,Harry Kane,2015
0.0,0.07122853,Kyle Walker,2015
0.0,0.2023147,Harry Kane,2015
0.0,0.11630225,Eric Dier,2015
0.0,0.13407221,Erik Lamela,2015
0.0,0.039457176,Harry Kane,2015
0.0,0.18489806,Harry Kane,2015
0.0,0.36819974,Eric Dier,2015
0.0,0.16599196,Harry Kane,2015
0.0,0.03071493,Dele Alli,2015
0.0,0.034079134,Christian Eriksen,2015
0.0,0.017209059,Harry Kane,2015
0.0,0.050220028,Harry Kane,2015
0.0,0.020657446,Dele Alli,2015
0.0,0.053154442,Christian Eriksen,2015
0.0,0.018136129,Eric Dier,2015
0.0,0.2313702,Nacer Chadli,2015
0.0,0.023422323,Dele Alli,2015
0.0,0.020592613,Danny Rose,2015
0.0,0.036918238,Christian Eriksen,2015
0.0,0.03446629,Danny Rose,2015
0.0,0.026245575,Kyle Walker,2015
1.0,0.16407908,Nacer Chadli,2015
0.0,0.01486279,Christian Eriksen,2015
0.0,0.11252769,Dele Alli,2015
0.0,0.15579273,Harry Kane,2015
1.0,0.077177264,Danny Rose,2015
0.0,0.015175139,Nacer Chadli,2015
0.0,0.067032754,Ryan Mason,2015
0.0,0.0702835,Erik Lamela,2015
0.0,0.017885882,Toby Alderweireld,2015
0.0,0.4733064,Harry Kane,2015
0.0,0.018853998,Toby Alderweireld,2015
0.0,0.11607844,Christian Eriksen,2015
0.0,0.2205266,Harry Kane,2015
0.0,0.024670426,Son Heung-Min,2015
0.0,0.01669133,Harry Kane,2015
0.0,0.046048332,Harry Kane,2015
0.0,0.019459886,Harry Kane,2015
0.0,0.07915612,Erik Lamela,2015
0.0,0.018331217,Christian Eriksen,2015
0.0,0.052991465,Christian Eriksen,2015
0.0,0.034672968,Danny Rose,2015
0.0,0.028596638,Kyle Walker,2015
0.0,0.0072026956,Danny Rose,2015
0.0,0.13283569,Dele Alli,2015
0.0,0.095910355,Harry Kane,2015
1.0,0.028530324,Harry Kane,2015
0.0,0.02802066,Danny Rose,2015
0.0,0.14226449,Harry Kane,2015
0.0,0.06451541,Harry Kane,2015
0.0,0.058105543,Dele Alli,2015
0.0,0.04016319,Ryan Mason,2015
0.0,0.037221394,Harry Kane,2015
0.0,0.09502781,Harry Kane,2015
0.0,0.016980486,Christian Eriksen,2015
0.0,0.14618772,Erik Lamela,2015
0.0,0.026644493,Danny Rose,2015
0.0,0.057259653,Dele Alli,2015
0.0,0.02055874,Christian Eriksen,2015
0.0,0.060262047,Harry Kane,2015
0.0,0.017897125,Harry Kane,2015
0.0,0.060304966,Kyle Walker,2015
1.0,0.037391175,Harry Kane,2015
1.0,0.30914405,Harry Kane,2015
0.0,0.020700851,Kyle Walker,2015
0.0,0.041745033,Erik Lamela,2015
0.0,0.19888368,Erik Lamela,2015
0.0,0.0644145,Christian Eriksen,2015
1.0,0.27927804,Harry Kane,2015
1.0,0.12098555,Harry Kane,2015
0.0,0.05950866,Christian Eriksen,2015
0.0,0.015369217,Eric Dier,2015
0.0,0.017996715,Harry Kane,2015
0.0,0.017188288,Dele Alli,2015
0.0,0.03269507,Kyle Walker,2015
0.0,0.017195242,Harry Kane,2015
1.0,0.37501356,Christian Eriksen,2015
0.0,0.025348611,Eric Dier,2015
0.0,0.035798144,Ryan Mason,2015
0.0,0.029263373,Christian Eriksen,2015
0.0,0.021816993,Harry Kane,2015
0.0,0.117755696,Christian Eriksen,2015
0.0,0.024652878,Son Heung-Min,2015
0.0,0.10670596,Harry Kane,2015
0.0,0.08287614,Harry Kane,2015
0.0,0.017627511,Dele Alli,2015
0.0,0.024994139,Toby Alderweireld,2015
0.0,0.021878768,Dele Alli,2015
0.0,0.24176483,Son Heung-Min,2015
1.0,0.12465357,Harry Kane,2015
0.0,0.039543197,Christian Eriksen,2015
0.0,0.035783548,Toby Alderweireld,2015
0.0,0.020893032,Eric Dier,2015
0.0,0.03497424,Mousa Dembélé,2015
0.0,0.025778612,Danny Rose,2015
0.0,0.018542077,Christian Eriksen,2015
0.0,0.22060432,Erik Lamela,2015
0.0,0.12508738,Kyle Walker,2015
0.0,0.024377821,Christian Eriksen,2015
0.0,0.044991612,Eric Dier,2015
0.0,0.019024834,Harry Kane,2015
0.0,0.031838156,Christian Eriksen,2015
1.0,0.29309556,Dele Alli,2015
1.0,0.054916695,Toby Alderweireld,2015
1.0,0.1892282,Erik Lamela,2015
0.0,0.050197627,Harry Kane,2015
0.0,0.1367121,Jan Vertonghen,2015
0.0,0.020972786,Danny Rose,2015
0.0,0.06393007,Erik Lamela,2015
0.0,0.15098245,Harry Kane,2015
1.0,0.027671816,Harry Kane,2015
0.0,0.11073056,Dele Alli,2015
0.0,0.033500757,Dele Alli,2015
0.0,0.3495697,Jan Vertonghen,2015
0.0,0.054451194,Dele Alli,2015
0.0,0.022827363,Kyle Walker,2015
0.0,0.0358952,Mousa Dembélé,2015
0.0,0.1899911,Christian Eriksen,2015
0.0,0.026988056,Harry Kane,2015
0.0,0.18001632,Dele Alli,2015
0.0,0.07951891,Erik Lamela,2015
0.0,0.024922762,Harry Kane,2015
0.0,0.14847688,Dele Alli,2015
1.0,0.28813326,Harry Kane,2015
0.0,0.015438736,Toby Alderweireld,2015
1.0,0.2116062,Dele Alli,2015
0.0,0.07379913,Nacer Chadli,2015
0.0,0.01778911,Christian Eriksen,2015
0.0,0.15230882,Jan Vertonghen,2015
0.0,0.076210625,Toby Alderweireld,2015
0.0,0.17777094,Harry Kane,2015
0.0,0.057309426,Christian Eriksen,2015
0.0,0.016698759,Toby Alderweireld,2015
0.0,0.031255085,Harry Kane,2015
0.0,0.03249611,Harry Kane,2015
0.0,0.07203391,Harry Kane,2015
0.0,0.02461453,Christian Eriksen,2015
0.0,0.057942107,Christian Eriksen,2015
0.0,0.1474554,Erik Lamela,2015
0.0,0.016745487,Harry Kane,2015
0.0,0.062476642,Christian Eriksen,2015
0.0,0.022266224,Christian Eriksen,2015
0.0,0.0570263,Son Heung-Min,2015
0.0,0.032728154,Christian Eriksen,2015
0.0,0.060441513,Harry Kane,2015
0.0,0.2030889,Erik Lamela,2015
0.0,0.25123155,Son Heung-Min,2015
0.0,0.015165735,Harry Kane,2015
0.0,0.030625366,Harry Kane,2015
0.0,0.10249196,Son Heung-Min,2015
0.0,0.1766605,Ryan Mason,2015
0.0,0.082302414,Christian Eriksen,2015
0.0,0.229861,Christian Eriksen,2015
0.0,0.12556934,Erik Lamela,2015
0.0,0.27746636,Harry Kane,2015
1.0,0.48545557,Son Heung-Min,2015
0.0,0.16748068,Harry Kane,2015
0.0,0.1578112,Christian Eriksen,2015
0.0,0.021769136,Harry Kane,2015
0.0,0.023212586,Danny Rose,2015
0.0,0.18591416,Harry Kane,2015
0.0,0.07134287,Christian Eriksen,2015
0.0,0.026336808,Harry Kane,2015
0.0,0.022336153,Kyle Walker,2015
0.0,0.023688124,Christian Eriksen,2015
0.0,0.0723376,Erik Lamela,2015
0.0,0.14377959,Eric Dier,2015
0.0,0.019371118,Toby Alderweireld,2015
0.0,0.026954645,Kyle Walker,2015
0.0,0.029403174,Christian Eriksen,2015
0.0,0.09501682,Harry Kane,2015
0.0,0.026021536,Jan Vertonghen,2015
0.0,0.016684085,Toby Alderweireld,2015
0.0,0.015505461,Kyle Walker,2015
0.0,0.15470362,Christian Eriksen,2015
0.0,0.15760343,Eric Dier,2015
0.0,0.11469582,Christian Eriksen,2015
0.0,0.17792991,Erik Lamela,2015
1.0,0.06546852,Erik Lamela,2015
0.0,0.093010046,Josh Onomah,2015
0.0,0.02566348,Christian Eriksen,2015
0.0,0.01908306,Harry Kane,2015
0.0,0.028018296,Tom Carroll,2015
0.0,0.02986291,Toby Alderweireld,2015
0.0,0.117503546,Harry Kane,2015
0.0,0.13292533,Harry Kane,2015
0.0,0.023389068,Kyle Walker,2016
0.0,0.028722651,Christian Eriksen,2016
0.0,0.05174617,Toby Alderweireld,2016
0.0,0.14238487,Dele Alli,2016
1.0,0.16149107,Erik Lamela,2016
0.0,0.016125705,Danny Rose,2016
0.0,0.37921652,Vincent Janssen,2016
0.0,0.08852409,Christian Eriksen,2016
0.0,0.074682176,Erik Lamela,2016
0.0,0.013964525,Danny Rose,2016
0.0,0.029077385,Vincent Janssen,2016
0.0,0.116623536,Erik Lamela,2016
0.0,0.027292285,Christian Eriksen,2016
0.0,0.084885895,Toby Alderweireld,2016
0.0,0.036416285,Vincent Janssen,2016
0.0,0.046218738,Victor Wanyama,2016
0.0,0.03792561,Eric Dier,2016
0.0,0.016407372,Harry Kane,2016
0.0,0.13112508,Vincent Janssen,2016
0.0,0.014986834,Eric Dier,2016
0.0,0.051030245,Toby Alderweireld,2016
0.0,0.03582515,Eric Dier,2016
0.0,0.08768048,Harry Kane,2016
0.0,0.026333826,Harry Kane,2016
0.0,0.15232125,Vincent Janssen,2016
0.0,0.08798788,Harry Kane,2016
1.0,0.5480804,Victor Wanyama,2016
0.0,0.04280402,Christian Eriksen,2016
0.0,0.13343614,Dele Alli,2016
0.0,0.15625736,Dele Alli,2016
0.0,0.033542853,Christian Eriksen,2016
0.0,0.16290367,Christian Eriksen,2016
0.0,0.047061753,Toby Alderweireld,2016
1.0,0.131061,Danny Rose,2016
0.0,0.088156044,Toby Alderweireld,2016
0.0,0.024377923,Victor Wanyama,2016
0.0,0.021571752,Victor Wanyama,2016
0.0,0.08910322,Harry Kane,2016
0.0,0.2162348,Dele Alli,2016
0.0,0.01692156,Eric Dier,2016
1.0,0.032297086,Son Heung-Min,2016
0.0,0.020638246,Ben Davies,2016
0.0,0.028477047,Christian Eriksen,2016
0.0,0.029263034,Dele Alli,2016
0.0,0.04461099,Toby Alderweireld,2016
0.0,0.148154,Christian Eriksen,2016
0.0,0.1899964,Harry Kane,2016
1.0,0.7767602,Harry Kane,2016
0.0,0.0022567916,Son Heung-Min,2016
0.0,0.120002516,Vincent Janssen,2016
0.0,0.02256868,Moussa Sissoko,2016
0.0,0.29196307,Harry Kane,2016
0.0,0.037583083,Victor Wanyama,2016
0.0,0.1225606,Dele Alli,2016
0.0,0.17742236,Harry Kane,2016
0.0,0.120785266,Toby Alderweireld,2016
0.0,0.131676,Son Heung-Min,2016
0.0,0.06808419,Eric Dier,2016
0.0,0.040577535,Moussa Sissoko,2016
0.0,0.11928107,Victor Wanyama,2016
0.0,0.02951329,Son Heung-Min,2016
0.0,0.015344513,Mousa Dembélé,2016
0.0,0.12287979,Moussa Sissoko,2016
0.0,0.04202209,Son Heung-Min,2016
0.0,0.11618513,Son Heung-Min,2016
0.0,0.029730836,Moussa Sissoko,2016
0.0,0.11188809,Dele Alli,2016
0.0,0.08005673,Eric Dier,2016
0.0,0.09635597,Erik Lamela,2016
0.0,0.0459387,Christian Eriksen,2016
0.0,0.024630072,Moussa Sissoko,2016
0.0,0.027622042,Dele Alli,2016
1.0,0.21470681,Son Heung-Min,2016
1.0,0.026996085,Son Heung-Min,2016
0.0,0.19036318,Christian Eriksen,2016
0.0,0.19239588,Moussa Sissoko,2016
0.0,0.023562558,Son Heung-Min,2016
0.0,0.13165615,Dele Alli,2016
0.0,0.056401048,Vincent Janssen,2016
0.0,0.039313067,Christian Eriksen,2016
0.0,0.02113187,Dele Alli,2016
0.0,0.21508434,Toby Alderweireld,2016
0.0,0.04291319,Dele Alli,2016
0.0,0.036482953,Christian Eriksen,2016
0.0,0.06095703,Son Heung-Min,2016
0.0,0.031199284,Son Heung-Min,2016
0.0,0.05330478,Son Heung-Min,2016
0.0,0.009891837,Danny Rose,2016
0.0,0.0184052,Christian Eriksen,2016
0.0,0.13125263,Christian Eriksen,2016
1.0,0.15079954,Dele Alli,2016
0.0,0.039392132,Son Heung-Min,2016
0.0,0.052010145,Victor Wanyama,2016
0.0,0.023602173,Christian Eriksen,2016
0.0,0.019997569,Christian Eriksen,2016
0.0,0.018442703,Christian Eriksen,2016
0.0,0.13515352,Christian Eriksen,2016
0.0,0.021607751,Toby Alderweireld,2016
0.0,0.15477435,Erik Lamela,2016
0.0,0.3450315,Dele Alli,2016
0.0,0.042197328,Ben Davies,2016
0.0,0.13587593,Dele Alli,2016
0.0,0.12856115,Christian Eriksen,2016
0.0,0.17792991,Moussa Sissoko,2016
0.0,0.25088537,Dele Alli,2016
0.0,0.034570474,Christian Eriksen,2016
0.0,0.082243115,Ben Davies,2016
0.0,0.13794187,Christian Eriksen,2016
1.0,0.34278184,Dele Alli,2016
0.0,0.03495609,Son Heung-Min,2016
0.0,0.028121524,Erik Lamela,2016
0.0,0.027229149,Christian Eriksen,2016
0.0,0.02824011,Eric Dier,2016
0.0,0.029800557,Christian Eriksen,2016
0.0,0.040547047,Erik Lamela,2016
0.0,0.070276864,Danny Rose,2016
0.0,0.09094579,Christian Eriksen,2016
0.0,0.02639868,Dele Alli,2016
0.0,0.063339405,Erik Lamela,2016
0.0,0.15186776,Son Heung-Min,2016
0.0,0.030942727,Erik Lamela,2016
0.0,0.1466838,Danny Rose,2016
0.0,0.007846024,Danny Rose,2016
0.0,0.17635746,Erik Lamela,2016
0.0,0.034195054,Mousa Dembélé,2016
0.0,0.014662077,Dele Alli,2016
0.0,0.027896538,Danny Rose,2016
0.0,0.037381977,Christian Eriksen,2016
0.0,0.04059818,Victor Wanyama,2016
0.0,0.30183822,Vincent Janssen,2016
0.0,0.18768091,Dele Alli,2016
0.0,0.0392341,Son Heung-Min,2016
0.0,0.020100536,Christian Eriksen,2016
0.0,0.049886648,Christian Eriksen,2016
0.0,0.035119567,Christian Eriksen,2016
0.0,0.027407205,Danny Rose,2016
0.0,0.040889286,Christian Eriksen,2016
0.0,0.083196,Vincent Janssen,2016
0.0,0.12962988,Vincent Janssen,2016
0.0,0.07223063,Jan Vertonghen,2016
0.0,0.046674263,Jan Vertonghen,2016
0.0,0.0558251,Kyle Walker,2016
0.0,0.116623536,Harry Kane,2016
0.0,0.024044845,Victor Wanyama,2016
0.0,3.298627e-11,Kevin Wimmer,2016
0.0,0.12734626,Christian Eriksen,2016
0.0,0.18797037,Harry Kane,2016
0.0,0.031638965,Vincent Janssen,2016
0.0,0.11242978,Harry Winks,2016
0.0,0.049981207,Christian Eriksen,2016
0.0,0.04459069,Harry Kane,2016
0.0,0.024346812,Kyle Walker,2016
0.0,0.10414249,Vincent Janssen,2016
1.0,0.5845539,Harry Winks,2016
0.0,0.03515903,Mousa Dembélé,2016
0.0,0.039718714,Christian Eriksen,2016
0.0,0.02508509,Dele Alli,2016
0.0,0.06368499,Christian Eriksen,2016
1.0,0.3706413,Harry Kane,2016
0.0,0.047482196,Eric Dier,2016
1.0,0.049311675,Christian Eriksen,2016
0.0,0.02031961,Son Heung-Min,2016
0.0,0.03068634,Victor Wanyama,2016
0.0,0.05184132,Kyle Walker,2016
0.0,0.038004328,Eric Dier,2016
0.0,0.0732244,Harry Kane,2016
0.0,0.026113141,Christian Eriksen,2016
0.0,0.022755625,Mousa Dembélé,2016
0.0,0.0334979,Georges-Kévin Nkoudou,2016
0.0,0.1023192,Victor Wanyama,2016
0.0,0.036469445,Son Heung-Min,2016
0.0,0.05130214,Christian Eriksen,2016
0.0,0.17339838,Dele Alli,2016
0.0,0.118655264,Christian Eriksen,2016
1.0,0.13209894,Son Heung-Min,2016
0.0,0.07148526,Harry Kane,2016
0.0,0.03207498,Christian Eriksen,2016
0.0,0.12769282,Dele Alli,2016
1.0,0.9068992,Christian Eriksen,2016
0.0,0.047342148,Kyle Walker,2016
0.0,0.10661876,Dele Alli,2016
0.0,0.05899321,Victor Wanyama,2016
0.0,0.32061586,Victor Wanyama,2016
0.0,0.04996355,Harry Kane,2016
0.0,0.042044513,Harry Kane,2016
0.0,0.03106745,Christian Eriksen,2016
0.0,0.026048599,Danny Rose,2016
0.0,0.018986836,Son Heung-Min,2016
0.0,0.021928335,Mousa Dembélé,2016
0.0,0.029980708,Son Heung-Min,2016
0.0,0.032124244,Victor Wanyama,2016
0.0,0.032768786,Son Heung-Min,2016
0.0,0.02482278,Harry Kane,2016
0.0,0.028567525,Christian Eriksen,2016
0.0,0.20837258,Victor Wanyama,2016
0.0,0.15061545,Dele Alli,2016
0.0,0.023422858,Christian Eriksen,2016
0.0,0.08753234,Christian Eriksen,2016
0.0,0.044726606,Dele Alli,2016
0.0,0.1074979,Moussa Sissoko,2016
1.0,0.22466548,Christian Eriksen,2016
0.0,0.025381949,Dele Alli,2016
0.0,0.02246631,Christian Eriksen,2016
0.0,0.034759752,Harry Kane,2016
0.0,0.029924916,Moussa Sissoko,2016
0.0,0.05263234,Moussa Sissoko,2016
0.0,0.056185782,Victor Wanyama,2016
0.0,0.04041314,Harry Kane,2016
1.0,0.67767364,Christian Eriksen,2016
0.0,0.021321902,Kyle Walker,2016
0.0,0.033965755,Jan Vertonghen,2016
0.0,0.03423744,Danny Rose,2016
0.0,0.05174638,Christian Eriksen,2016
1.0,0.38886875,Victor Wanyama,2016
0.0,0.05710975,Christian Eriksen,2016
0.0,0.09798762,Josh Onomah,2016
0.0,0.062163003,Christian Eriksen,2016
0.0,0.008204667,Harry Winks,2016
0.0,0.12411704,Dele Alli,2016
0.0,0.032190863,Harry Kane,2016
0.0,0.026365643,Danny Rose,2016
0.0,0.13334963,Christian Eriksen,2016
0.0,0.12345305,Harry Kane,2016
0.0,0.023388883,Harry Winks,2016
1.0,0.3787011,Dele Alli,2016
0.0,0.048390344,Dele Alli,2016
0.0,0.1903408,Harry Kane,2016
0.0,0.023484157,Mousa Dembélé,2016
0.0,0.038069703,Christian Eriksen,2016
0.0,0.12748258,Harry Kane,2016
0.0,0.030148946,Harry Winks,2016
0.0,0.09105745,Christian Eriksen,2016
0.0,0.04351726,Victor Wanyama,2016
0.0,0.023696154,Christian Eriksen,2016
0.0,0.084645435,Christian Eriksen,2016
0.0,0.022862596,Dele Alli,2016
0.0,0.014403162,Christian Eriksen,2016
0.0,0.035158675,Dele Alli,2016
1.0,0.05881796,Danny Rose,2016
0.0,0.04162086,Son Heung-Min,2016
0.0,0.15466765,Harry Kane,2016
0.0,0.029010043,Ben Davies,2016
0.0,0.11862459,Son Heung-Min,2016
0.0,0.03465382,Ben Davies,2016
0.0,0.029901005,Harry Kane,2016
0.0,0.027815718,Christian Eriksen,2016
1.0,0.2209006,Dele Alli,2016
0.0,0.048821274,Christian Eriksen,2016
0.0,0.029617291,Dele Alli,2016
0.0,0.033359956,Victor Wanyama,2016
0.0,0.02841982,Kyle Walker,2016
0.0,0.19228478,Christian Eriksen,2016
0.0,0.14732665,Danny Rose,2016
0.0,0.024363592,Christian Eriksen,2016
1.0,0.09996854,Son Heung-Min,2016
1.0,0.14245251,Dele Alli,2016
0.0,0.02928309,Son Heung-Min,2016
0.0,0.15025511,Christian Eriksen,2016
0.0,0.022864578,Toby Alderweireld,2016
0.0,0.20595618,Danny Rose,2016
0.0,0.0241089,Christian Eriksen,2016
1.0,0.13234779,Harry Kane,2016
0.0,0.027343903,Dele Alli,2016
0.0,0.028414397,Son Heung-Min,2016
1.0,0.51635325,Harry Kane,2016
0.0,0.34752405,Son Heung-Min,2016
0.0,0.13720004,Son Heung-Min,2016
0.0,0.114929065,Harry Kane,2016
0.0,0.06717012,Son Heung-Min,2016
0.0,0.048216317,Christian Eriksen,2016
0.0,0.02638972,Eric Dier,2016
0.0,0.025359536,Kyle Walker,2016
0.0,0.022324068,Victor Wanyama,2016
0.0,0.05855052,Christian Eriksen,2016
1.0,0.0929527,Dele Alli,2016
0.0,0.01617387,Christian Eriksen,2016
1.0,0.31576738,Dele Alli,2016
0.0,0.025327098,Dele Alli,2016
0.0,0.032220498,Christian Eriksen,2016
0.0,0.039923165,Christian Eriksen,2016
0.0,0.30058965,Harry Kane,2016
0.0,0.02652811,Jan Vertonghen,2016
0.0,0.02309519,Harry Kane,2016
1.0,0.15764412,Harry Kane,2016
0.0,0.015552582,Danny Rose,2016
0.0,0.03428635,Harry Kane,2016
0.0,0.37064683,Harry Kane,2016
0.0,0.0651866,Christian Eriksen,2016
0.0,0.31063384,Harry Kane,2016
0.0,0.033552982,Harry Kane,2016
0.0,0.12968668,Kyle Walker,2016
0.0,0.020998543,Jan Vertonghen,2016
0.0,0.01952921,Jan Vertonghen,2016
0.0,0.05381637,Harry Kane,2016
0.0,0.02126935,Christian Eriksen,2016
0.0,0.030968217,Mousa Dembélé,2016
0.0,0.13825281,Victor Wanyama,2016
1.0,0.21396336,Harry Kane,2016
1.0,0.24263912,Harry Kane,2016
0.0,0.026734991,Victor Wanyama,2016
1.0,0.5815366,Dele Alli,2016
0.0,0.037958384,Danny Rose,2016
1.0,0.19506882,Son Heung-Min,2016
0.0,0.022375403,Eric Dier,2016
0.0,0.026495228,Victor Wanyama,2016
0.0,0.025167597,Christian Eriksen,2016
0.0,0.024522882,Kyle Walker,2016
0.0,0.10454181,Eric Dier,2016
0.0,0.044332538,Victor Wanyama,2016
0.0,0.02372205,Son Heung-Min,2016
0.0,0.01728206,Dele Alli,2016
0.0,0.11376906,Dele Alli,2016
0.0,0.048266936,Victor Wanyama,2016
0.0,0.14948319,Son Heung-Min,2016
0.0,0.084763184,Dele Alli,2016
0.0,0.031258103,Dele Alli,2016
0.0,0.14049585,Harry Kane,2016
0.0,0.04461747,Son Heung-Min,2016
0.0,0.030816752,Mousa Dembélé,2016
0.0,0.023296926,Victor Wanyama,2016
0.0,0.042455867,Toby Alderweireld,2016
0.0,0.08395531,Victor Wanyama,2016
0.0,0.056306947,Harry Kane,2016
0.0,0.068861485,Christian Eriksen,2016
0.0,0.12982889,Christian Eriksen,2016
0.0,0.13411257,Christian Eriksen,2016
0.0,0.09985667,Dele Alli,2016
0.0,0.19392496,Son Heung-Min,2016
0.0,0.1353767,Toby Alderweireld,2016
1.0,0.05946832,Harry Kane,2016
0.0,0.03286321,Mousa Dembélé,2016
0.0,0.023095513,Kyle Walker,2016
0.0,0.05959823,Christian Eriksen,2016
0.0,0.024432488,Harry Kane,2016
1.0,0.065601885,Harry Kane,2016
1.0,0.018990852,Harry Kane,2016
1.0,0.4398041,Dele Alli,2016
0.0,0.17472553,Dele Alli,2016
0.0,0.090918116,Harry Kane,2016
0.0,0.20189703,Harry Winks,2016
0.0,0.040501177,Harry Kane,2016
0.0,0.037813757,Kyle Walker,2016
0.0,0.026956758,Christian Eriksen,2016
0.0,0.018264415,Dele Alli,2016
0.0,0.12470543,Kyle Walker,2016
0.0,0.15113288,Dele Alli,2016
0.0,0.056890044,Christian Eriksen,2016
1.0,0.027024956,Harry Kane,2016
0.0,0.09842825,Christian Eriksen,2016
0.0,0.06039958,Christian Eriksen,2016
0.0,0.041332334,Victor Wanyama,2016
0.0,0.038978748,Jan Vertonghen,2016
0.0,0.11582544,Victor Wanyama,2016
1.0,0.04957253,Harry Kane,2016
0.0,0.120785266,Victor Wanyama,2016
0.0,0.0699701,Toby Alderweireld,2016
0.0,0.04888384,Harry Kane,2016
0.0,0.035396285,Harry Kane,2016
0.0,0.20205882,Son Heung-Min,2016
1.0,0.03751152,Christian Eriksen,2016
0.0,0.17820743,Dele Alli,2016
0.0,0.053922623,Christian Eriksen,2016
0.0,0.18264203,Toby Alderweireld,2016
0.0,0.059165858,Christian Eriksen,2016
0.0,0.061204102,Mousa Dembélé,2016
0.0,0.03675081,Vincent Janssen,2016
0.0,0.024872242,Christian Eriksen,2016
0.0,0.01967887,Toby Alderweireld,2016
0.0,0.059851743,Christian Eriksen,2016
0.0,0.026323633,Christian Eriksen,2016
0.0,0.017837198,Kieran Trippier,2016
0.0,0.067831576,Christian Eriksen,2016
0.0,0.024392273,Christian Eriksen,2016
0.0,0.031032287,Vincent Janssen,2016
0.0,0.0601514,Ben Davies,2016
0.0,0.017485105,Christian Eriksen,2016
0.0,0.07702543,Moussa Sissoko,2016
0.0,0.13820444,Son Heung-Min,2016
1.0,0.36608192,Son Heung-Min,2016
0.0,0.1488749,Dele Alli,2016
0.0,0.160856,Dele Alli,2016
0.0,0.22814758,Christian Eriksen,2016
0.0,0.15734287,Dele Alli,2016
0.0,0.01914283,Christian Eriksen,2016
0.0,0.16904747,Son Heung-Min,2016
0.0,0.39538464,Son Heung-Min,2016
0.0,0.02057164,Kyle Walker,2016
0.0,0.01902738,Son Heung-Min,2016
0.0,0.17945768,Vincent Janssen,2016
0.0,0.027067922,Toby Alderweireld,2016
0.0,0.11167552,Dele Alli,2016
1.0,0.6270434,Dele Alli,2016
0.0,0.11005037,Vincent Janssen,2016
1.0,0.1798402,Son Heung-Min,2016
0.0,0.021920787,Jan Vertonghen,2016
0.0,0.02380949,Dele Alli,2016
0.0,0.0586064,Kieran Trippier,2016
0.0,0.17823611,Vincent Janssen,2016
0.0,0.032142483,Christian Eriksen,2016
0.0,0.023577759,Ben Davies,2016
0.0,0.05479869,Christian Eriksen,2016
1.0,0.017620122,Dele Alli,2016
0.0,0.024409812,Son Heung-Min,2016
1.0,0.14711735,Eric Dier,2016
0.0,0.045561325,Vincent Janssen,2016
1.0,0.17087951,Son Heung-Min,2016
0.0,0.031560242,Harry Kane,2016
0.0,0.14289214,Son Heung-Min,2016
0.0,0.08678406,Son Heung-Min,2016
0.0,0.039143577,Son Heung-Min,2016
0.0,0.09373599,Harry Kane,2016
0.0,0.03494316,Mousa Dembélé,2016
1.0,0.12798133,Mousa Dembélé,2016
1.0,0.11657882,Son Heung-Min,2016
0.0,0.13788967,Christian Eriksen,2016
0.0,0.015652,Christian Eriksen,2016
0.0,0.20193668,Christian Eriksen,2016
0.0,0.15272374,Son Heung-Min,2016
1.0,0.23507544,Harry Kane,2016
0.0,0.14176184,Harry Kane,2016
0.0,0.09515476,Harry Kane,2016
0.0,0.21977139,Dele Alli,2016
0.0,0.038738575,Christian Eriksen,2016
0.0,0.03839497,Harry Kane,2016
0.0,0.18071185,Eric Dier,2016
0.0,0.020385241,Christian Eriksen,2016
0.0,0.119746484,Son Heung-Min,2016
0.0,0.05701605,Dele Alli,2016
0.0,0.02503178,Son Heung-Min,2016
0.0,0.046451397,Son Heung-Min,2016
0.0,0.036346473,Christian Eriksen,2016
0.0,0.059166998,Harry Kane,2016
0.0,0.06266065,Harry Kane,2016
0.0,0.015077882,Toby Alderweireld,2016
0.0,0.03862462,Kyle Walker,2016
0.0,0.07742251,Christian Eriksen,2016
0.0,0.034635704,Christian Eriksen,2016
0.0,0.022223007,Eric Dier,2016
0.0,0.092213206,Christian Eriksen,2016
0.0,0.26647475,Dele Alli,2016
0.0,0.07228891,Kyle Walker,2016
0.0,0.02480884,Eric Dier,2016
0.0,0.1181975,Harry Kane,2016
1.0,0.024065241,Christian Eriksen,2016
0.0,0.11441504,Toby Alderweireld,2016
0.0,0.045305576,Harry Kane,2016
0.0,0.031088166,Toby Alderweireld,2016
0.0,0.028825246,Harry Kane,2016
0.0,0.5569263,Dele Alli,2016
0.0,0.033405177,Son Heung-Min,2016
0.0,0.26527813,Christian Eriksen,2016
0.0,0.015772898,Jan Vertonghen,2016
0.0,0.040665414,Victor Wanyama,2016
0.0,0.052731432,Son Heung-Min,2016
0.0,0.028796466,Harry Kane,2016
0.0,0.1134925,Christian Eriksen,2016
0.0,0.03486094,Son Heung-Min,2016
0.0,0.021522945,Jan Vertonghen,2016
0.0,0.058568317,Harry Kane,2016
0.0,0.022859465,Christian Eriksen,2016
0.0,0.1400987,Harry Kane,2016
0.0,0.03642092,Toby Alderweireld,2016
0.0,0.022852447,Harry Kane,2016
0.0,0.014817567,Harry Kane,2016
0.0,0.027597424,Harry Kane,2016
0.0,0.23794468,Dele Alli,2016
0.0,0.20603302,Harry Kane,2016
0.0,0.026548658,Eric Dier,2016
0.0,0.023984862,Christian Eriksen,2016
0.0,0.1325033,Christian Eriksen,2016
0.0,0.021540847,Toby Alderweireld,2016
1.0,0.18264203,Victor Wanyama,2016
0.0,0.20597203,Son Heung-Min,2016
0.0,0.13529553,Harry Kane,2016
0.0,0.058593746,Harry Kane,2016
1.0,0.5399387,Harry Kane,2016
0.0,0.034621578,Son Heung-Min,2016
0.0,0.04897158,Harry Kane,2016
0.0,0.040236287,Victor Wanyama,2016
0.0,0.18833359,Son Heung-Min,2016
0.0,0.09105623,Dele Alli,2016
0.0,0.021642072,Toby Alderweireld,2016
0.0,0.037851807,Son Heung-Min,2016
0.0,0.054971367,Son Heung-Min,2016
0.0,0.05388124,Harry Kane,2016
0.0,0.019788766,Moussa Sissoko,2016
0.0,0.01989611,Harry Kane,2016
1.0,0.27622655,Harry Kane,2016
0.0,0.17577913,Dele Alli,2016
0.0,0.026016654,Dele Alli,2016
1.0,0.24429758,Son Heung-Min,2016
0.0,0.06358654,Eric Dier,2016
0.0,0.19239783,Son Heung-Min,2016
0.0,0.039905626,Victor Wanyama,2016
1.0,0.7717863,Harry Kane,2016
1.0,0.029345911,Son Heung-Min,2016
0.0,0.040285334,Moussa Sissoko,2016
0.0,0.058223616,Harry Kane,2016
0.0,0.07576918,Eric Dier,2016
0.0,0.027067922,Harry Kane,2016
0.0,0.05274246,Vincent Janssen,2016
0.0,0.028984869,Dele Alli,2016
1.0,0.13399544,Harry Kane,2016
0.0,0.031173239,Dele Alli,2016
1.0,0.050786123,Harry Kane,2016
1.0,0.7433221,Harry Kane,2016
0.0,0.022694636,Dele Alli,2016
0.0,0.23731047,Son Heung-Min,2016
0.0,0.056679342,Eric Dier,2016
1.0,0.17344512,Dele Alli,2016
0.0,0.14300622,Son Heung-Min,2016
0.0,0.4179217,Dele Alli,2016
0.0,0.3187318,Christian Eriksen,2016
0.0,0.145438,Dele Alli,2016
1.0,0.17488855,Victor Wanyama,2016
1.0,0.13194592,Harry Kane,2016
0.0,0.119509935,Harry Kane,2016
0.0,0.12417408,Christian Eriksen,2016
0.0,0.08140448,Moussa Sissoko,2016
1.0,0.008625691,Ben Davies,2016
1.0,0.30508277,Toby Alderweireld,2016
0.0,0.023321113,Vincent Janssen,2016
0.0,0.030408407,Christian Eriksen,2017
0.0,0.27807763,Harry Kane,2017
0.0,0.2322009,Moussa Sissoko,2017
0.0,0.03080633,Christian Eriksen,2017
0.0,0.016399518,Harry Kane,2017
0.0,0.018597819,Christian Eriksen,2017
0.0,0.019881174,Dele Alli,2017
0.0,0.34778097,Harry Kane,2017
0.0,0.028866708,Christian Eriksen,2017
1.0,0.42326424,Dele Alli,2017
0.0,0.081053704,Harry Kane,2017
0.0,0.075262904,Christian Eriksen,2017
1.0,0.26365232,Ben Davies,2017
0.0,0.18766731,Harry Kane,2017
0.0,0.04162341,Harry Kane,2017
0.0,0.0674072,Dele Alli,2017
0.0,0.029029649,Mousa Dembélé,2017
0.0,0.13886622,Harry Kane,2017
0.0,0.06134857,Harry Kane,2017
0.0,0.08454393,Harry Kane,2017
0.0,0.028214555,Victor Wanyama,2017
0.0,0.02666134,Ben Davies,2017
0.0,0.023934627,Harry Kane,2017
0.0,0.03803115,Ben Davies,2017
0.0,0.04403894,Christian Eriksen,2017
0.0,0.10751885,Harry Kane,2017
0.0,0.027823573,Jan Vertonghen,2017
0.0,0.06467492,Harry Kane,2017
0.0,0.021011572,Son Heung-Min,2017
0.0,0.040446788,Christian Eriksen,2017
0.0,0.06301069,Dele Alli,2017
0.0,0.106713,Harry Kane,2017
0.0,0.03684901,Harry Kane,2017
0.0,0.14078307,Eric Dier,2017
0.0,0.021100663,Jan Vertonghen,2017
0.0,0.047977094,Harry Kane,2017
0.0,0.07344472,Dele Alli,2017
0.0,0.019272417,Toby Alderweireld,2017
0.0,0.050523113,Eric Dier,2017
0.0,0.3934542,Harry Kane,2017
0.0,0.34731296,Dele Alli,2017
1.0,0.46244958,Dele Alli,2017
0.0,0.1374414,Harry Kane,2017
0.0,0.2122554,Harry Kane,2017
0.0,0.015674628,Mousa Dembélé,2017
0.0,0.03753225,Harry Kane,2017
0.0,0.062360525,Christian Eriksen,2017
0.0,0.030220304,Ben Davies,2017
0.0,0.34109688,Dele Alli,2017
0.0,0.06113778,Christian Eriksen,2017
0.0,0.038989253,Harry Kane,2017
0.0,0.14021036,Christian Eriksen,2017
0.0,0.19301327,Christian Eriksen,2017
0.0,0.2705938,Moussa Sissoko,2017
0.0,0.047762714,Christian Eriksen,2017
0.0,0.08217331,Ben Davies,2017
1.0,0.36781287,Christian Eriksen,2017
0.0,0.018902626,Toby Alderweireld,2017
1.0,0.30742344,Harry Kane,2017
0.0,0.13160358,Christian Eriksen,2017
0.0,0.18317683,Harry Kane,2017
0.0,0.018423334,Dele Alli,2017
0.0,0.017783571,Dele Alli,2017
0.0,0.11263694,Son Heung-Min,2017
0.0,0.021440813,Moussa Sissoko,2017
0.0,0.0812897,Son Heung-Min,2017
0.0,0.038952626,Eric Dier,2017
0.0,0.06623925,Dele Alli,2017
0.0,0.021258134,Kieran Trippier,2017
0.0,0.026463429,Jan Vertonghen,2017
0.0,0.017335474,Christian Eriksen,2017
0.0,0.04299693,Eric Dier,2017
0.0,0.049738932,Son Heung-Min,2017
0.0,0.3476415,Harry Kane,2017
0.0,0.11780277,Toby Alderweireld,2017
0.0,0.032633234,Son Heung-Min,2017
0.0,0.08649611,Son Heung-Min,2017
0.0,0.017947216,Harry Kane,2017
0.0,0.15443397,Dele Alli,2017
0.0,0.029019851,Jan Vertonghen,2017
0.0,0.03938587,Harry Kane,2017
0.0,0.026117606,Jan Vertonghen,2017
0.0,0.122841515,Christian Eriksen,2017
0.0,0.019455729,Ben Davies,2017
0.0,0.022712074,Eric Dier,2017
0.0,0.017541224,Toby Alderweireld,2017
0.0,0.14802541,Harry Kane,2017
1.0,0.27019346,Harry Kane,2017
0.0,0.16520803,Dele Alli,2017
1.0,0.18588051,Harry Kane,2017
0.0,0.023817074,Harry Kane,2017
0.0,0.058894716,Harry Kane,2017
1.0,0.06697066,Christian Eriksen,2017
0.0,0.09339072,Harry Kane,2017
0.0,0.06344121,Harry Kane,2017
0.0,0.13936262,Harry Kane,2017
1.0,0.1442548,Harry Kane,2017
1.0,0.13932335,Ben Davies,2017
0.0,0.018667772,Harry Kane,2017
0.0,0.15972494,Harry Kane,2017
1.0,0.080801,Harry Kane,2017
0.0,0.1673287,Dele Alli,2017
0.0,0.04492348,Dele Alli,2017
0.0,0.026901355,Ben Davies,2017
0.0,0.026335903,Jan Vertonghen,2017
0.0,0.024715498,Christian Eriksen,2017
0.0,0.138457,Moussa Sissoko,2017
1.0,0.35957375,Moussa Sissoko,2017
0.0,0.09760182,Dele Alli,2017
0.0,0.21406692,Dele Alli,2017
0.0,0.13953117,Harry Kane,2017
0.0,0.10412264,Toby Alderweireld,2017
0.0,0.016934859,Jan Vertonghen,2017
1.0,0.19360794,Christian Eriksen,2017
0.0,0.027020004,Son Heung-Min,2017
0.0,0.3895391,Harry Kane,2017
0.0,0.019387186,Christian Eriksen,2017
0.0,0.0386212,Harry Kane,2017
0.0,0.069994465,Harry Kane,2017
0.0,0.052372713,Christian Eriksen,2017
0.0,0.03013208,Harry Kane,2017
0.0,0.2592745,Eric Dier,2017
0.0,0.33064935,Dele Alli,2017
1.0,0.1985323,Harry Kane,2017
1.0,0.25119382,Son Heung-Min,2017
0.0,0.060738,Son Heung-Min,2017
0.0,0.14952591,Son Heung-Min,2017
0.0,0.009605155,Harry Kane,2017
1.0,0.089445636,Dele Alli,2017
0.0,0.049240727,Harry Kane,2017
0.0,0.16898218,Jan Vertonghen,2017
1.0,0.36674094,Harry Kane,2017
0.0,0.09205259,Davinson Sánchez,2017
0.0,0.034424737,Christian Eriksen,2017
0.0,0.17332542,Harry Kane,2017
0.0,0.014090821,Serge Aurier,2017
0.0,0.04958958,Son Heung-Min,2017
0.0,0.018402109,Moussa Sissoko,2017
0.0,0.017664136,Toby Alderweireld,2017
0.0,0.14324412,Moussa Sissoko,2017
0.0,0.038004328,Dele Alli,2017
0.0,0.10638666,Dele Alli,2017
0.0,0.041578297,Serge Aurier,2017
0.0,0.13234583,Eric Dier,2017
0.0,0.029361686,Christian Eriksen,2017
0.0,0.025416298,Christian Eriksen,2017
0.0,0.018314663,Harry Kane,2017
0.0,0.02625802,Christian Eriksen,2017
0.0,0.0062637674,Danny Rose,2017
0.0,0.026275545,Jan Vertonghen,2017
0.0,0.025369814,Harry Winks,2017
1.0,0.09691455,Son Heung-Min,2017
0.0,0.1478809,Son Heung-Min,2017
0.0,0.1387739,Dele Alli,2017
0.0,0.036767337,Harry Kane,2017
0.0,0.07240793,Harry Kane,2017
0.0,0.037248254,Harry Kane,2017
0.0,0.08697066,Dele Alli,2017
0.0,0.15774825,Harry Kane,2017
0.0,0.02340004,Christian Eriksen,2017
0.0,0.030951064,Eric Dier,2017
0.0,0.18168187,Son Heung-Min,2017
0.0,0.12657239,Harry Kane,2017
0.0,0.014873707,Harry Kane,2017
0.0,0.036648065,Harry Kane,2017
0.0,0.017039517,Son Heung-Min,2017
0.0,0.020176858,Ben Davies,2017
0.0,0.013397727,Christian Eriksen,2017
0.0,0.09210552,Eric Dier,2017
0.0,0.061613116,Eric Dier,2017
0.0,0.025228724,Son Heung-Min,2017
0.0,0.03537682,Harry Kane,2017
0.0,0.043650035,Son Heung-Min,2017
0.0,0.030176912,Son Heung-Min,2017
1.0,0.22936966,Harry Kane,2017
0.0,0.07208824,Christian Eriksen,2017
0.0,0.14412856,Dele Alli,2017
0.0,0.04341732,Dele Alli,2017
0.0,0.59430224,Harry Kane,2017
0.0,0.14255376,Dele Alli,2017
0.0,0.03176451,Christian Eriksen,2017
0.0,0.02206239,Harry Kane,2017
0.0,0.23006798,Moussa Sissoko,2017
0.0,0.04957853,Harry Kane,2017
0.0,0.0182572,Harry Kane,2017
0.0,0.14494441,Dele Alli,2017
0.0,0.027767932,Harry Kane,2017
0.0,0.020894457,Serge Aurier,2017
0.0,0.01686239,Serge Aurier,2017
0.0,0.025282416,Harry Kane,2017
0.0,0.07882493,Davinson Sánchez,2017
0.0,0.17824222,Christian Eriksen,2017
0.0,0.36515018,Christian Eriksen,2017
1.0,0.16052452,Harry Kane,2017
0.0,0.41544163,Fernando Llorente,2017
0.0,0.08559833,Erik Lamela,2017
0.0,0.025084808,Kieran Trippier,2017
0.0,0.06522921,Christian Eriksen,2017
0.0,0.010270731,Ben Davies,2017
0.0,0.052665945,Harry Kane,2017
0.0,0.024975726,Harry Kane,2017
0.0,0.07899531,Moussa Sissoko,2017
0.0,0.03375019,Son Heung-Min,2017
0.0,0.13495436,Son Heung-Min,2017
0.0,0.03513463,Christian Eriksen,2017
0.0,0.032821998,Mousa Dembélé,2017
0.0,0.16970918,Harry Kane,2017
0.0,0.319094,Harry Kane,2017
1.0,0.14541021,Son Heung-Min,2017
1.0,0.119452715,Harry Kane,2017
0.0,0.038079973,Mousa Dembélé,2017
0.0,0.028789945,Harry Kane,2017
1.0,0.13121134,Harry Kane,2017
0.0,0.18728757,Harry Kane,2017
1.0,0.27478638,Christian Eriksen,2017
0.0,0.37143144,Christian Eriksen,2017
0.0,0.20276804,Harry Kane,2017
0.0,0.021726184,Ben Davies,2017
0.0,0.050105814,Son Heung-Min,2017
0.0,0.19595999,Erik Lamela,2017
0.0,0.06171213,Serge Aurier,2017
0.0,0.06251562,Christian Eriksen,2017
0.0,0.11792151,Harry Kane,2017
0.0,0.2513247,Harry Kane,2017
0.0,0.050330017,Harry Kane,2017
0.0,0.10017553,Son Heung-Min,2017
0.0,0.052962348,Harry Kane,2017
1.0,0.020308431,Serge Aurier,2017
0.0,0.037555754,Erik Lamela,2017
0.0,0.09506727,Eric Dier,2017
0.0,0.01748173,Son Heung-Min,2017
0.0,0.021884492,Harry Kane,2017
0.0,0.030533021,Dele Alli,2017
0.0,0.08002549,Harry Kane,2017
1.0,0.0697516,Son Heung-Min,2017
0.0,0.02397648,Harry Kane,2017
0.0,0.026769394,Jan Vertonghen,2017
0.0,0.0260222,Harry Kane,2017
0.0,0.02462235,Danny Rose,2017
0.0,0.02596492,Son Heung-Min,2017
0.0,0.024258947,Son Heung-Min,2017
0.0,0.030120695,Harry Kane,2017
0.0,0.039271865,Son Heung-Min,2017
0.0,0.11435601,Dele Alli,2017
0.0,0.17289992,Moussa Sissoko,2017
0.0,0.19814712,Moussa Sissoko,2017
0.0,0.060146168,Harry Kane,2017
0.0,0.11013909,Dele Alli,2017
0.0,0.29453748,Harry Kane,2017
0.0,0.2621202,Christian Eriksen,2017
0.0,0.03273181,Harry Kane,2017
1.0,0.2182185,Harry Kane,2017
1.0,0.092479706,Harry Kane,2017
0.0,0.090673506,Serge Aurier,2017
0.0,0.18341328,Harry Kane,2017
0.0,0.017236888,Eric Dier,2017
0.0,0.05837131,Dele Alli,2017
0.0,0.10699788,Christian Eriksen,2017
0.0,0.03140434,Harry Kane,2017
0.0,0.020659655,Harry Kane,2017
1.0,0.52247596,Harry Kane,2017
1.0,0.020542827,Dele Alli,2017
1.0,0.13834867,Son Heung-Min,2017
0.0,0.12610659,Harry Kane,2017
1.0,0.2886155,Harry Kane,2017
0.0,0.30674502,Erik Lamela,2017
0.0,0.040260065,Dele Alli,2017
0.0,0.2811484,Fernando Llorente,2017
0.0,0.023512507,Son Heung-Min,2017
0.0,0.14706792,Dele Alli,2017
0.0,0.15697668,Son Heung-Min,2017
0.0,0.20610482,Harry Kane,2017
0.0,0.061782554,Eric Dier,2017
1.0,0.27894405,Dele Alli,2017
0.0,0.15749216,Harry Kane,2017
0.0,0.19714963,Davinson Sánchez,2017
0.0,0.17061087,Harry Kane,2017
0.0,0.15219656,Christian Eriksen,2017
0.0,0.02609359,Eric Dier,2017
0.0,0.0582725,Christian Eriksen,2017
0.0,0.017476179,Christian Eriksen,2017
0.0,0.017202795,Serge Aurier,2017
0.0,0.06312342,Christian Eriksen,2017
0.0,0.071712516,Dele Alli,2017
0.0,0.14885277,Son Heung-Min,2017
0.0,0.18436326,Christian Eriksen,2017
0.0,0.026492411,Jan Vertonghen,2017
0.0,0.016385693,Christian Eriksen,2017
0.0,0.30488703,Harry Kane,2017
0.0,0.2991337,Dele Alli,2017
0.0,0.09339766,Harry Kane,2017
0.0,0.03505728,Harry Kane,2017
0.0,0.04310651,Christian Eriksen,2017
0.0,0.026479574,Jan Vertonghen,2017
0.0,0.080637954,Victor Wanyama,2017
1.0,0.019226624,Son Heung-Min,2017
0.0,0.047885593,Fernando Llorente,2017
0.0,0.017687881,Son Heung-Min,2017
0.0,0.046154816,Harry Kane,2017
0.0,0.020472141,Serge Aurier,2017
0.0,0.027377428,Harry Kane,2017
0.0,0.1508473,Harry Kane,2017
0.0,0.09701789,Serge Aurier,2017
0.0,0.025291491,Jan Vertonghen,2017
0.0,0.06646784,Son Heung-Min,2017
1.0,0.48769173,Harry Kane,2017
0.0,0.0378841,Harry Kane,2017
0.0,0.08771032,Son Heung-Min,2017
0.0,0.1549207,Son Heung-Min,2017
0.0,0.25090393,Dele Alli,2017
0.0,0.09111694,Son Heung-Min,2017
1.0,0.1802538,Christian Eriksen,2017
0.0,0.12995754,Son Heung-Min,2017
0.0,0.025287857,Victor Wanyama,2017
0.0,0.027065374,Dele Alli,2017
0.0,0.04376919,Moussa Sissoko,2017
0.0,1.2666901e-05,Davinson Sánchez,2017
0.0,0.04521648,Eric Dier,2017
0.0,0.018061187,Eric Dier,2017
0.0,0.029322002,Ben Davies,2017
0.0,0.23471235,Moussa Sissoko,2017
0.0,0.030743564,Eric Dier,2017
0.0,0.0630917,Harry Kane,2017
0.0,0.07173999,Mousa Dembélé,2017
0.0,0.4058255,Erik Lamela,2017
0.0,0.14090526,Harry Kane,2017
1.0,0.2489477,Christian Eriksen,2017
0.0,0.03282475,Christian Eriksen,2017
0.0,0.090088464,Dele Alli,2017
0.0,0.16494523,Harry Kane,2017
0.0,0.026798492,Son Heung-Min,2017
0.0,0.15327573,Eric Dier,2017
0.0,0.14353287,Harry Kane,2017
0.0,0.017985342,Christian Eriksen,2017
0.0,0.1771153,Harry Kane,2017
0.0,0.1289098,Son Heung-Min,2017
0.0,0.054062326,Harry Kane,2017
0.0,0.08975805,Harry Kane,2017
0.0,0.06375326,Dele Alli,2017
0.0,0.057054903,Eric Dier,2017
0.0,0.09000492,Harry Kane,2017
0.0,0.0897632,Son Heung-Min,2017
0.0,0.029653862,Harry Kane,2017
0.0,0.031401612,Mousa Dembélé,2017
0.0,0.13901377,Son Heung-Min,2017
0.0,0.032560714,Dele Alli,2017
0.0,0.21321318,Harry Kane,2017
0.0,0.04835323,Mousa Dembélé,2017
0.0,0.32385784,Harry Kane,2017
1.0,0.026193807,Victor Wanyama,2017
0.0,0.109708756,Eric Dier,2017
0.0,0.016449057,Son Heung-Min,2017
0.0,0.008871645,Christian Eriksen,2017
0.0,0.28818646,Harry Kane,2017
0.0,0.13387434,Eric Dier,2017
0.0,0.09674258,Harry Kane,2017
0.0,0.1498529,Harry Kane,2017
0.0,0.06385603,Christian Eriksen,2017
0.0,0.041424405,Jan Vertonghen,2017
0.0,0.079114385,Son Heung-Min,2017
0.0,0.16027641,Dele Alli,2017
0.0,0.14026141,Erik Lamela,2017
0.0,0.15257652,Kieran Trippier,2017
0.0,0.026294313,Erik Lamela,2017
0.0,0.34858358,Harry Kane,2017
0.0,0.0004980134,Christian Eriksen,2017
0.0,0.14429031,Dele Alli,2017
0.0,0.020065656,Harry Kane,2017
0.0,0.17811105,Christian Eriksen,2017
0.0,0.39230332,Harry Kane,2017
0.0,0.17412677,Christian Eriksen,2017
0.0,0.083039634,Ben Davies,2017
1.0,0.115226045,Harry Kane,2017
0.0,0.03184356,Eric Dier,2017
0.0,0.04565188,Son Heung-Min,2017
0.0,0.3809429,Harry Kane,2017
0.0,0.036106855,Christian Eriksen,2017
0.0,0.059597377,Christian Eriksen,2017
0.0,0.12665601,Harry Kane,2017
0.0,0.014608722,Christian Eriksen,2017
0.0,0.2451728,Harry Kane,2017
0.0,0.039550062,Ben Davies,2017
1.0,0.060594637,Son Heung-Min,2017
0.0,0.20263453,Harry Kane,2017
0.0,0.18392552,Harry Kane,2017
0.0,0.043945286,Harry Kane,2017
0.0,0.026967727,Danny Rose,2017
0.0,0.29126287,Jan Vertonghen,2017
1.0,0.37078568,Dele Alli,2017
0.0,0.037578188,Christian Eriksen,2017
0.0,0.15201886,Son Heung-Min,2017
0.0,0.07214147,Son Heung-Min,2017
0.0,0.035662886,Son Heung-Min,2017
1.0,0.41841745,Son Heung-Min,2017
0.0,0.124951854,Son Heung-Min,2017
1.0,0.06511713,Serge Aurier,2017
0.0,0.29097378,Dele Alli,2017
0.0,0.019743375,Kieran Trippier,2017
0.0,0.049154654,Christian Eriksen,2017
1.0,0.017102856,Christian Eriksen,2017
0.0,0.028571706,Son Heung-Min,2017
1.0,0.28762567,Dele Alli,2017
0.0,0.11099117,Son Heung-Min,2017
0.0,0.2951226,Son Heung-Min,2017
1.0,0.3906791,Dele Alli,2017
0.0,0.038943455,Erik Lamela,2017
0.0,0.100888915,Son Heung-Min,2017
0.0,0.025367243,Christian Eriksen,2017
0.0,0.08430542,Christian Eriksen,2017
0.0,0.19720705,Son Heung-Min,2017
0.0,0.048402134,Christian Eriksen,2017
1.0,0.21665998,Christian Eriksen,2017
1.0,0.10613552,Harry Kane,2017
0.0,0.02974787,Serge Aurier,2017
0.0,0.008589107,Erik Lamela,2017
0.0,0.1418833,Harry Kane,2017
0.0,0.17155139,Dele Alli,2017
0.0,0.05872677,Dele Alli,2017
0.0,0.032473676,Erik Lamela,2017
1.0,0.25500363,Christian Eriksen,2017
0.0,0.13092467,Dele Alli,2017
0.0,0.029143775,Son Heung-Min,2017
0.0,0.13851161,Christian Eriksen,2017
0.0,0.028817559,Jan Vertonghen,2017
0.0,0.084037565,Son Heung-Min,2017
0.0,0.16476107,Harry Kane,2017
0.0,0.018339267,Lucas Moura,2017
0.0,0.1166256,Harry Kane,2017
1.0,0.28618106,Harry Kane,2017
0.0,0.22069305,Son Heung-Min,2017
0.0,0.10102343,Lucas Moura,2017
0.0,0.02053126,Ben Davies,2017
0.0,0.031028371,Christian Eriksen,2017
0.0,0.019993754,Toby Alderweireld,2017
0.0,0.019219505,Harry Kane,2017
0.0,0.17344339,Erik Lamela,2017
0.0,0.08466857,Harry Kane,2017
0.0,0.10925061,Harry Kane,2017
0.0,0.034676958,Eric Dier,2017
1.0,0.29975703,Dele Alli,2017
0.0,0.020034533,Eric Dier,2017
0.0,0.020527635,Christian Eriksen,2017
0.0,0.043319236,Jan Vertonghen,2017
0.0,0.14926292,Jan Vertonghen,2017
1.0,0.35437956,Harry Kane,2017
0.0,0.06145937,Eric Dier,2017
0.0,0.07056932,Jan Vertonghen,2017
0.0,0.14919056,Moussa Sissoko,2017
0.0,0.063336946,Harry Kane,2017
0.0,0.024048101,Christian Eriksen,2017
0.0,0.025364673,Victor Wanyama,2017
0.0,0.006247316,Danny Rose,2017
0.0,0.16130403,Harry Kane,2017
0.0,0.085333526,Christian Eriksen,2017
0.0,0.12948208,Erik Lamela,2017
0.0,0.0238495,Christian Eriksen,2017
0.0,0.1249384,Harry Kane,2017
0.0,0.06750826,Christian Eriksen,2017
0.0,0.045721028,Kieran Trippier,2017
0.0,0.02145123,Son Heung-Min,2017
0.0,0.04368399,Christian Eriksen,2017
0.0,0.07374254,Victor Wanyama,2017
0.0,0.06607952,Harry Kane,2017
0.0,0.025812993,Jan Vertonghen,2017
0.0,0.016342258,Moussa Sissoko,2017
0.0,0.13225612,Jan Vertonghen,2017
0.0,0.16046244,Dele Alli,2017
0.0,0.06524793,Harry Kane,2017
0.0,0.0868169,Danny Rose,2017
0.0,0.033194978,Toby Alderweireld,2017
0.0,0.017488595,Victor Wanyama,2017
0.0,0.037841886,Lucas Moura,2017
0.0,0.14538243,Moussa Sissoko,2017
0.0,0.06928437,Lucas Moura,2017
0.0,0.073937476,Christian Eriksen,2017
1.0,0.50323194,Erik Lamela,2017
1.0,0.3681258,Erik Lamela,2017
0.0,0.044533193,Toby Alderweireld,2017
0.0,0.022914896,Christian Eriksen,2017
1.0,0.13340318,Harry Kane,2017
0.0,0.005209538,Ben Davies,2018
0.0,0.14967243,Lucas Moura,2018
0.0,0.021701356,Christian Eriksen,2018
1.0,0.34669036,Jan Vertonghen,2018
1.0,0.24677922,Dele Alli,2018
0.0,0.04686142,Serge Aurier,2018
0.0,0.0918483,Harry Kane,2018
0.0,0.19824727,Davinson Sánchez,2018
0.0,0.3393821,Dele Alli,2018
0.0,0.32501686,Moussa Sissoko,2018
0.0,0.07669322,Davinson Sánchez,2018
0.0,0.041194078,Mousa Dembélé,2018
0.0,0.044967055,Christian Eriksen,2018
0.0,0.060314965,Ben Davies,2018
0.0,0.32831317,Lucas Moura,2018
0.0,0.025099576,Toby Alderweireld,2018
0.0,0.13432665,Harry Kane,2018
0.0,0.06758478,Christian Eriksen,2018
0.0,0.029346561,Christian Eriksen,2018
0.0,0.02605346,Toby Alderweireld,2018
0.0,0.20115958,Ben Davies,2018
0.0,0.14138749,Kieran Trippier,2018
1.0,0.03697083,Lucas Moura,2018
0.0,0.15499197,Dele Alli,2018
0.0,0.026042877,Jan Vertonghen,2018
0.0,0.146703,Dele Alli,2018
0.0,0.15005651,Christian Eriksen,2018
1.0,0.054265007,Kieran Trippier,2018
1.0,0.124052,Harry Kane,2018
0.0,0.13161941,Erik Lamela,2018
0.0,0.029978877,Ben Davies,2018
0.0,0.13472332,Christian Eriksen,2018
0.0,0.157137,Dele Alli,2018
0.0,0.21088818,Dele Alli,2018
0.0,0.15496662,Dele Alli,2018
1.0,0.15756592,Lucas Moura,2018
0.0,0.025107838,Harry Kane,2018
0.0,0.01875352,Lucas Moura,2018
0.0,0.007626632,Ben Davies,2018
0.0,0.062380023,Davinson Sánchez,2018
0.0,0.017399201,Christian Eriksen,2018
0.0,0.035525557,Christian Eriksen,2018
0.0,0.02317539,Christian Eriksen,2018
0.0,0.19725448,Harry Kane,2018
0.0,0.06255447,Christian Eriksen,2018
0.0,0.043329116,Eric Dier,2018
0.0,0.05156509,Jan Vertonghen,2018
0.0,0.12762377,Lucas Moura,2018
0.0,0.5485708,Harry Kane,2018
0.0,0.08032872,Erik Lamela,2018
0.0,0.15809788,Erik Lamela,2018
0.0,0.32426625,Harry Kane,2018
0.0,0.020928979,Toby Alderweireld,2018
0.0,0.029416854,Christian Eriksen,2018
0.0,0.19290464,Son Heung-Min,2018
0.0,0.15651296,Harry Kane,2018
0.0,0.12951186,Son Heung-Min,2018
0.0,0.08439945,Kieran Trippier,2018
0.0,0.025471658,Christian Eriksen,2018
0.0,0.051020987,Christian Eriksen,2018
0.0,0.025776539,Lucas Moura,2018
1.0,0.22034599,Erik Lamela,2018
0.0,0.044151217,Erik Lamela,2018
0.0,0.16486087,Harry Kane,2018
0.0,0.18733743,Danny Rose,2018
0.0,0.15224652,Harry Kane,2018
1.0,0.19704796,Harry Kane,2018
0.0,0.29472673,Lucas Moura,2018
0.0,0.14443102,Lucas Moura,2018
0.0,0.027671317,Son Heung-Min,2018
0.0,0.029524844,Victor Wanyama,2018
0.0,0.08550816,Davinson Sánchez,2018
1.0,0.48397294,Eric Dier,2018
0.0,0.01727444,Son Heung-Min,2018
0.0,0.11236915,Davinson Sánchez,2018
0.0,0.14537679,Lucas Moura,2018
0.0,0.029710582,Harry Kane,2018
0.0,0.34107107,Lucas Moura,2018
0.0,0.23109633,Lucas Moura,2018
0.0,0.13925539,Son Heung-Min,2018
0.0,0.06576875,Harry Kane,2018
0.0,0.13057561,Harry Kane,2018
0.0,0.02513541,Harry Winks,2018
0.0,0.040707607,Erik Lamela,2018
0.0,0.21130602,Erik Lamela,2018
0.0,0.06538356,Lucas Moura,2018
0.0,0.12987308,Moussa Sissoko,2018
0.0,0.015724257,Toby Alderweireld,2018
0.0,0.006589909,Erik Lamela,2018
0.0,0.34246776,Davinson Sánchez,2018
0.0,0.051320195,Davinson Sánchez,2018
0.0,0.3185251,Fernando Llorente,2018
0.0,0.023669077,Harry Kane,2018
0.0,0.030889625,Toby Alderweireld,2018
0.0,0.040504213,Erik Lamela,2018
0.0,0.2435154,Erik Lamela,2018
0.0,0.061006013,Harry Kane,2018
1.0,0.121856146,Erik Lamela,2018
1.0,0.207335,Lucas Moura,2018
0.0,0.024666466,Harry Kane,2018
0.0,0.10457908,Harry Kane,2018
1.0,0.307185,Harry Kane,2018
0.0,0.025671601,Harry Kane,2018
0.0,0.055708826,Harry Kane,2018
0.0,0.13079496,Moussa Sissoko,2018
0.0,0.03046155,Toby Alderweireld,2018
0.0,0.07184344,Dele Alli,2018
0.0,0.3140662,Lucas Moura,2018
0.0,0.021498967,Dele Alli,2018
0.0,0.02078611,Ben Davies,2018
0.0,0.032024894,Harry Kane,2018
0.0,0.15253425,Harry Kane,2018
1.0,0.2402209,Juan Foyth,2018
0.0,0.11209135,Eric Dier,2018
0.0,0.16529116,Harry Kane,2018
1.0,0.15940593,Dele Alli,2018
0.0,0.14961942,Son Heung-Min,2018
0.0,0.060700983,Son Heung-Min,2018
1.0,0.016149743,Harry Kane,2018
0.0,0.10149378,Harry Kane,2018
0.0,0.27949655,Toby Alderweireld,2018
0.0,0.39199516,Juan Foyth,2018
0.0,0.09611058,Son Heung-Min,2018
0.0,0.2322303,Son Heung-Min,2018
0.0,0.12736459,Dele Alli,2018
0.0,0.015992539,Ben Davies,2018
0.0,0.3783169,Harry Kane,2018
0.0,0.20511083,Dele Alli,2018
0.0,0.08863831,Harry Kane,2018
0.0,0.03932456,Son Heung-Min,2018
1.0,0.027621517,Eric Dier,2018
0.0,0.050140392,Harry Kane,2018
0.0,0.0022020957,Moussa Sissoko,2018
0.0,0.054620422,Son Heung-Min,2018
0.0,0.016690502,Lucas Moura,2018
0.0,0.016776364,Christian Eriksen,2018
0.0,0.12706392,Son Heung-Min,2018
1.0,0.5599511,Harry Kane,2018
0.0,0.012279594,Lucas Moura,2018
0.0,0.09055728,Harry Kane,2018
0.0,0.056588143,Eric Dier,2018
0.0,0.018071685,Toby Alderweireld,2018
0.0,0.032100394,Christian Eriksen,2018
0.0,0.07244063,Lucas Moura,2018
1.0,0.07684348,Lucas Moura,2018
1.0,0.4702183,Son Heung-Min,2018
0.0,0.15977435,Harry Kane,2018
0.0,0.044334598,Jan Vertonghen,2018
0.0,0.057164077,Son Heung-Min,2018
0.0,0.026913963,Son Heung-Min,2018
0.0,0.07384181,Son Heung-Min,2018
1.0,0.4251072,Dele Alli,2018
0.0,0.021352392,Erik Lamela,2018
0.0,0.1982519,Lucas Moura,2018
0.0,0.053671017,Dele Alli,2018
0.0,0.21494287,Erik Lamela,2018
0.0,0.044586323,Oliver Skipp,2018
0.0,0.020245325,Erik Lamela,2018
0.0,0.26574966,Erik Lamela,2018
0.0,0.07014522,Erik Lamela,2018
0.0,0.107496776,Erik Lamela,2018
0.0,0.20242494,Son Heung-Min,2018
0.0,0.18982974,Dele Alli,2018
1.0,0.15944354,Christian Eriksen,2018
0.0,0.08600966,Harry Kane,2018
0.0,0.15545426,Kieran Trippier,2018
0.0,0.07572164,Harry Kane,2018
0.0,0.02875405,Harry Kane,2018
0.0,0.20505612,Son Heung-Min,2018
1.0,0.023991115,Son Heung-Min,2018
0.0,0.11134175,Harry Kane,2018
0.0,0.043553323,Son Heung-Min,2018
1.0,0.19530837,Dele Alli,2018
1.0,0.22484985,Harry Kane,2018
1.0,0.036115002,Christian Eriksen,2018
1.0,0.21192464,Harry Kane,2018
0.0,0.038070805,Christian Eriksen,2018
0.0,0.028699143,Harry Kane,2018
1.0,0.032704707,Christian Eriksen,2018
1.0,0.12744698,Son Heung-Min,2018
1.0,0.21607879,Lucas Moura,2018
0.0,0.06297199,Harry Kane,2018
1.0,0.13224632,Harry Kane,2018
0.0,0.13355985,Lucas Moura,2018
1.0,0.43690103,Son Heung-Min,2018
0.0,0.022616168,Moussa Sissoko,2018
0.0,0.02642255,Son Heung-Min,2018
0.0,0.066328555,Kieran Trippier,2018
0.0,0.01816367,Son Heung-Min,2018
0.0,0.03224394,Christian Eriksen,2018
0.0,0.019697608,Christian Eriksen,2018
1.0,0.026088148,Harry Kane,2018
0.0,0.031370953,Son Heung-Min,2018
0.0,0.025547497,Harry Winks,2018
1.0,0.37989923,Harry Kane,2018
1.0,0.14333211,Christian Eriksen,2018
1.0,0.14818956,Son Heung-Min,2018
0.0,0.020040909,Son Heung-Min,2018
0.0,0.026363159,Harry Kane,2018
0.0,0.19305854,Harry Kane,2018
0.0,0.19717865,Harry Kane,2018
0.0,0.2772487,Son Heung-Min,2018
0.0,0.048031963,Harry Kane,2018
0.0,0.16428442,Dele Alli,2018
0.0,0.007387568,Danny Rose,2018
0.0,0.15042686,Harry Winks,2018
0.0,0.0545216,Harry Winks,2018
0.0,0.14874692,Harry Kane,2018
0.0,0.083818845,Christian Eriksen,2018
0.0,0.020061214,Harry Kane,2018
0.0,0.0292967,Harry Winks,2018
0.0,0.0050950353,Dele Alli,2018
0.0,0.023551777,Son Heung-Min,2018
0.0,0.13947181,Harry Kane,2018
0.0,0.084645435,Dele Alli,2018
0.0,0.19877003,Harry Kane,2018
0.0,0.02222134,Christian Eriksen,2018
0.0,0.1604095,Dele Alli,2018
0.0,0.069531225,Christian Eriksen,2018
0.0,0.040237356,Son Heung-Min,2018
0.0,0.10655878,Toby Alderweireld,2018
0.0,0.057365302,Harry Kane,2018
0.0,0.143699,Dele Alli,2018
0.0,0.036017545,Harry Kane,2018
0.0,0.14519642,Harry Kane,2018
0.0,0.2510424,Fernando Llorente,2018
0.0,1.3656944e-06,Fernando Llorente,2018
0.0,0.15312038,Fernando Llorente,2018
0.0,0.14757039,Fernando Llorente,2018
1.0,0.3454247,Dele Alli,2018
0.0,0.020970583,Harry Winks,2018
0.0,0.028933862,Davinson Sánchez,2018
0.0,0.13238515,Danny Rose,2018
0.0,0.018627755,Fernando Llorente,2018
0.0,0.03206216,Christian Eriksen,2018
0.0,0.03142375,Son Heung-Min,2018
0.0,0.08130369,Christian Eriksen,2018
0.0,0.01731127,Son Heung-Min,2018
0.0,0.15916936,Fernando Llorente,2018
0.0,0.6697503,Fernando Llorente,2018
0.0,0.11173412,Fernando Llorente,2018
0.0,0.042200238,Son Heung-Min,2018
0.0,0.1259362,Danny Rose,2018
0.0,0.07175729,Son Heung-Min,2018
0.0,0.05197562,Christian Eriksen,2018
0.0,0.016635753,Toby Alderweireld,2018
1.0,0.21213949,Son Heung-Min,2018
0.0,0.119988896,Erik Lamela,2018
0.0,0.02615036,Danny Rose,2018
1.0,0.04041739,Fernando Llorente,2018
0.0,0.039144777,Son Heung-Min,2018
0.0,0.18211447,Lucas Moura,2018
0.0,0.026906272,Christian Eriksen,2018
0.0,0.106674455,Lucas Moura,2018
0.0,0.049475677,Davinson Sánchez,2018
0.0,0.144108,Jan Vertonghen,2018
0.0,0.06719926,Moussa Sissoko,2018
0.0,0.087686054,Son Heung-Min,2018
0.0,0.04797633,Davinson Sánchez,2018
0.0,0.44756585,Christian Eriksen,2018
0.0,0.028836688,Son Heung-Min,2018
0.0,0.008902158,Fernando Llorente,2018
0.0,0.16924465,Fernando Llorente,2018
0.0,0.03467737,Fernando Llorente,2018
1.0,0.043503907,Son Heung-Min,2018
0.0,0.04389523,Fernando Llorente,2018
0.0,0.026037434,Son Heung-Min,2018
0.0,0.1446783,Danny Rose,2018
0.0,0.122072935,Son Heung-Min,2018
1.0,0.2384034,Davinson Sánchez,2018
0.0,0.022788774,Moussa Sissoko,2018
0.0,0.21999559,Fernando Llorente,2018
0.0,0.022820408,Christian Eriksen,2018
1.0,0.07906809,Christian Eriksen,2018
1.0,0.12357449,Son Heung-Min,2018
0.0,0.041114654,Danny Rose,2018
0.0,0.117914855,Harry Kane,2018
0.0,0.0088816,Harry Winks,2018
0.0,0.09202393,Christian Eriksen,2018
0.0,0.106220074,Christian Eriksen,2018
0.0,0.023716142,Moussa Sissoko,2018
0.0,0.031156337,Harry Kane,2018
0.0,0.033329863,Danny Rose,2018
0.0,0.01733502,Harry Kane,2018
0.0,0.1737302,Juan Foyth,2018
0.0,0.0072115185,Danny Rose,2018
1.0,0.18462305,Harry Kane,2018
0.0,0.019446043,Son Heung-Min,2018
0.0,0.0068221195,Serge Aurier,2018
0.0,0.12987308,Christian Eriksen,2018
0.0,0.025854811,Harry Kane,2018
0.0,0.0363639,Son Heung-Min,2018
0.0,0.02259913,Moussa Sissoko,2018
0.0,0.02268585,Harry Winks,2018
0.0,0.018337267,Christian Eriksen,2018
0.0,0.3652192,Harry Kane,2018
0.0,0.058888715,Toby Alderweireld,2018
0.0,0.019752052,Jan Vertonghen,2018
0.0,0.026611025,Jan Vertonghen,2018
0.0,0.37247083,Christian Eriksen,2018
0.0,0.17881928,Moussa Sissoko,2018
0.0,0.0243657,Toby Alderweireld,2018
0.0,0.030879736,Christian Eriksen,2018
0.0,0.030731317,Son Heung-Min,2018
0.0,0.04625169,Toby Alderweireld,2018
0.0,0.027926983,Erik Lamela,2018
0.0,0.03478534,Harry Kane,2018
0.0,0.049990717,Harry Kane,2018
0.0,0.026417818,Eric Dier,2018
0.0,0.05929911,Christian Eriksen,2018
1.0,0.18943341,Harry Kane,2018
0.0,0.025864974,Dele Alli,2018
0.0,0.012367156,Jan Vertonghen,2018
0.0,0.05383184,Harry Kane,2018
0.0,0.017139036,Christian Eriksen,2018
0.0,0.027603066,Harry Kane,2018
0.0,0.059828024,Harry Kane,2018
0.0,0.022920681,Christian Eriksen,2018
0.0,0.025207005,Lucas Moura,2018
0.0,0.03828351,Moussa Sissoko,2018
0.0,0.026878271,Dele Alli,2018
0.0,0.09640219,Harry Kane,2018
0.0,0.019054625,Christian Eriksen,2018
0.0,0.05220832,Harry Kane,2018
0.0,0.23071149,Christian Eriksen,2018
1.0,0.34279472,Lucas Moura,2018
0.0,0.13962898,Moussa Sissoko,2018
0.0,0.03265001,Dele Alli,2018
0.0,0.18071714,Dele Alli,2018
0.0,0.13899079,Christian Eriksen,2018
0.0,0.10481522,Christian Eriksen,2018
0.0,0.13183571,Christian Eriksen,2018
0.0,0.024999473,Harry Kane,2018
0.0,0.081183076,Harry Kane,2018
0.0,0.05868901,Harry Kane,2018
0.0,0.049139634,Son Heung-Min,2018
0.0,0.040455893,Dele Alli,2018
0.0,0.07103587,Toby Alderweireld,2018
0.0,0.18979006,Toby Alderweireld,2018
0.0,0.06780951,Harry Kane,2018
0.0,0.03165583,Son Heung-Min,2018
0.0,0.23643513,Harry Kane,2018
1.0,0.1693377,Son Heung-Min,2018
0.0,0.101327136,Harry Kane,2018
0.0,0.020034168,Son Heung-Min,2018
1.0,0.18155214,Christian Eriksen,2018
0.0,0.029302584,Ben Davies,2018
0.0,0.028057683,Jan Vertonghen,2018
0.0,0.098765925,Christian Eriksen,2018
0.0,0.030565796,Victor Wanyama,2018
0.0,0.15073705,Fernando Llorente,2018
1.0,0.37855446,Victor Wanyama,2018
1.0,0.07117482,Lucas Moura,2018
0.0,0.22466548,Fernando Llorente,2018
0.0,0.03366956,Fernando Llorente,2018
0.0,0.17186792,Fernando Llorente,2018
0.0,0.018932441,Christian Eriksen,2018
0.0,0.038985576,Ben Davies,2018
0.0,0.10915566,Lucas Moura,2018
0.0,0.0071277535,Fernando Llorente,2018
0.0,0.039221555,Ben Davies,2018
0.0,0.15240571,Fernando Llorente,2018
0.0,0.022349257,Ben Davies,2018
0.0,0.026609272,Christian Eriksen,2018
1.0,0.24319972,Lucas Moura,2018
0.0,0.080468714,Son Heung-Min,2018
0.0,0.15220821,Christian Eriksen,2018
0.0,0.12970339,Son Heung-Min,2018
0.0,0.12373485,Son Heung-Min,2018
0.0,0.048383556,Eric Dier,2018
0.0,0.15704986,Lucas Moura,2018
0.0,0.023207732,Christian Eriksen,2018
0.0,0.053752065,Lucas Moura,2018
0.0,0.0903608,Jan Vertonghen,2018
0.0,0.038931888,Dele Alli,2018
0.0,0.025609856,Christian Eriksen,2018
0.0,0.045640685,Christian Eriksen,2018
0.0,0.2219058,Jan Vertonghen,2018
0.0,0.031825267,Victor Wanyama,2018
0.0,0.03222087,Lucas Moura,2018
0.0,0.02625107,Jan Vertonghen,2018
0.0,0.019002732,Christian Eriksen,2018
0.0,0.016836552,Lucas Moura,2018
0.0,0.027573146,Jan Vertonghen,2018
0.0,0.21051438,Dele Alli,2018
0.0,0.025704384,Christian Eriksen,2018
0.0,0.022817781,Victor Wanyama,2018
0.0,0.026717465,Son Heung-Min,2018
0.0,0.028639322,Danny Rose,2018
0.0,0.1335859,Victor Wanyama,2018
0.0,0.074048534,Son Heung-Min,2018
0.0,0.06395987,Toby Alderweireld,2018
0.0,0.13329281,Dele Alli,2018
0.0,0.016706254,Danny Rose,2018
0.0,0.03824052,Son Heung-Min,2018
1.0,0.030059535,Christian Eriksen,2018
0.0,0.046875264,Son Heung-Min,2018
0.0,0.13052054,Son Heung-Min,2018
0.0,0.059764758,Dele Alli,2018
0.0,0.06432852,Son Heung-Min,2018
0.0,0.022208352,Lucas Moura,2018
0.0,0.16245052,Christian Eriksen,2018
0.0,0.13563468,Son Heung-Min,2018
0.0,0.019906044,Juan Foyth,2018
0.0,0.037917726,Son Heung-Min,2018
0.0,0.19751595,Ben Davies,2018
0.0,0.051105395,Vincent Janssen,2018
0.0,0.0035538462,Lucas Moura,2018
0.0,0.03598354,Dele Alli,2018
0.0,0.060729574,Lucas Moura,2018
0.0,0.13782078,Lucas Moura,2018
0.0,0.01719873,Christian Eriksen,2018
0.0,0.018717857,Lucas Moura,2018
0.0,0.033725053,Christian Eriksen,2018
0.0,0.031899843,Lucas Moura,2018
0.0,0.046121176,Fernando Llorente,2018
0.0,0.13849775,Dele Alli,2018
0.0,0.021266995,Kyle Walker-Peters,2018
0.0,0.03247841,Dele Alli,2018
0.0,0.019595938,Christian Eriksen,2018
0.0,0.017424066,Eric Dier,2018
0.0,0.036436435,Christian Eriksen,2018
0.0,0.03754929,Fernando Llorente,2018
1.0,0.05872187,Christian Eriksen,2018
0.0,0.077236205,Lucas Moura,2019
0.0,0.06717828,Erik Lamela,2019
0.0,0.025964327,Harry Winks,2019
0.0,0.35586977,Harry Kane,2019
0.0,0.13766107,Erik Lamela,2019
0.0,0.1456038,Moussa Sissoko,2019
0.0,0.038652726,Harry Kane,2019
0.0,0.022342663,Tanguy NDombele Alvaro,2019
0.0,0.02040925,Kyle Walker-Peters,2019
0.0,0.022329865,Toby Alderweireld,2019
0.0,0.12120775,Harry Kane,2019
0.0,0.1308476,Christian Eriksen,2019
0.0,0.029947044,Christian Eriksen,2019
0.0,0.031777255,Moussa Sissoko,2019
0.0,0.21175277,Harry Kane,2019
0.0,0.10523618,Christian Eriksen,2019
0.0,0.2778877,Davinson Sánchez,2019
0.0,0.085681185,Toby Alderweireld,2019
0.0,0.03421112,Moussa Sissoko,2019
0.0,0.03408909,Erik Lamela,2019
1.0,0.2679065,Harry Kane,2019
0.0,0.02536406,Lucas Moura,2019
1.0,0.13103345,Harry Kane,2019
0.0,0.0021491938,Harry Kane,2019
0.0,0.12903847,Son Heung-Min,2019
0.0,0.033526674,Son Heung-Min,2019
0.0,0.19579947,Lucas Moura,2019
0.0,0.01964442,Son Heung-Min,2019
0.0,0.2666843,Erik Lamela,2019
0.0,0.037702948,Lucas Moura,2019
0.0,0.032645866,Giovani Lo Celso,2019
0.0,0.028030492,Son Heung-Min,2019
0.0,0.059555165,Son Heung-Min,2019
0.0,0.049075905,Erik Lamela,2019
0.0,0.023786161,Christian Eriksen,2019
0.0,0.09527834,Son Heung-Min,2019
0.0,0.057779517,Christian Eriksen,2019
0.0,0.027275527,Moussa Sissoko,2019
0.0,0.08590626,Son Heung-Min,2019
0.0,0.008210551,Danny Rose,2019
0.0,0.006066181,Christian Eriksen,2019
0.0,0.032580666,Son Heung-Min,2019
1.0,0.12637626,Son Heung-Min,2019
1.0,0.13182499,Son Heung-Min,2019
0.0,0.19033706,Harry Winks,2019
1.0,0.23360139,Erik Lamela,2019
0.0,0.13124782,Son Heung-Min,2019
0.0,0.027893657,Son Heung-Min,2019
0.0,0.12835719,Serge Aurier,2019
0.0,0.050436765,Son Heung-Min,2019
1.0,0.29539588,Harry Kane,2019
0.0,0.07452065,Harry Kane,2019
0.0,0.1587451,Harry Kane,2019
0.0,0.13698179,Son Heung-Min,2019
0.0,0.038529135,Son Heung-Min,2019
0.0,0.03957579,Serge Aurier,2019
0.0,0.017559139,Son Heung-Min,2019
1.0,0.09832222,Tanguy NDombele Alvaro,2019
0.0,0.014810921,Harry Kane,2019
0.0,0.060028106,Christian Eriksen,2019
1.0,0.21419545,Harry Kane,2019
0.0,0.042439602,Harry Kane,2019
0.0,0.074620284,Christian Eriksen,2019
0.0,0.0115290405,Christian Eriksen,2019
0.0,0.12704371,Harry Kane,2019
0.0,0.15003972,Lucas Moura,2019
0.0,0.0739334,Lucas Moura,2019
0.0,0.05270445,Son Heung-Min,2019
0.0,0.026183363,Harry Kane,2019
0.0,0.020694358,Harry Kane,2019
1.0,0.25221562,Dele Alli,2019
0.0,0.021183437,Son Heung-Min,2019
1.0,0.23249105,Harry Kane,2019
0.0,0.04105777,Son Heung-Min,2019
0.0,0.04260262,Christian Eriksen,2019
0.0,0.16116942,Dele Alli,2019
0.0,0.019350804,Son Heung-Min,2019
0.0,0.007864836,Tanguy NDombele Alvaro,2019
0.0,0.16017427,Danny Rose,2019
0.0,0.023668371,Son Heung-Min,2019
0.0,0.024281982,Toby Alderweireld,2019
0.0,0.1469909,Lucas Moura,2019
1.0,0.1896043,Dele Alli,2019
0.0,0.36322936,Harry Kane,2019
0.0,0.029036356,Giovani Lo Celso,2019
0.0,0.034195464,Son Heung-Min,2019
0.0,0.020915782,Son Heung-Min,2019
0.0,0.014105799,Serge Aurier,2019
0.0,0.06679708,Tanguy NDombele Alvaro,2019
0.0,0.013025154,Serge Aurier,2019
0.0,0.033362493,Son Heung-Min,2019
0.0,0.053291548,Son Heung-Min,2019
1.0,0.16409537,Son Heung-Min,2019
0.0,0.16842921,Son Heung-Min,2019
0.0,0.0282792,Harry Winks,2019
0.0,0.017859792,Son Heung-Min,2019
0.0,0.037897658,Son Heung-Min,2019
0.0,0.024405394,Lucas Moura,2019
0.0,0.015344002,Eric Dier,2019
1.0,0.13594511,Son Heung-Min,2019
0.0,0.023765685,Dele Alli,2019
0.0,0.051866475,Dele Alli,2019
0.0,0.10260424,Davinson Sánchez,2019
0.0,0.048039682,Eric Dier,2019
0.0,0.16442662,Lucas Moura,2019
1.0,0.20837834,Harry Kane,2019
0.0,0.036533155,Harry Kane,2019
0.0,0.019413656,Tanguy NDombele Alvaro,2019
0.0,0.0445502,Son Heung-Min,2019
1.0,0.2145515,Dele Alli,2019
0.0,0.035035223,Harry Kane,2019
0.0,0.041916028,Harry Kane,2019
0.0,0.14534537,Harry Kane,2019
0.0,0.057615876,Moussa Sissoko,2019
0.0,0.03553763,Harry Kane,2019
0.0,0.17216761,Son Heung-Min,2019
1.0,0.4322013,Dele Alli,2019
0.0,0.16759041,Moussa Sissoko,2019
0.0,0.13275439,Dele Alli,2019
0.0,0.38082996,Dele Alli,2019
1.0,0.38256326,Moussa Sissoko,2019
0.0,0.19091876,Dele Alli,2019
0.0,0.077042684,Harry Kane,2019
0.0,0.11625943,Serge Aurier,2019
1.0,0.23986356,Dele Alli,2019
0.0,0.23003876,Son Heung-Min,2019
0.0,0.0688219,Serge Aurier,2019
0.0,0.01868875,Tanguy NDombele Alvaro,2019
1.0,0.021790063,Harry Kane,2019
0.0,0.06655826,Son Heung-Min,2019
1.0,0.7984652,Lucas Moura,2019
0.0,0.14209263,Moussa Sissoko,2019
0.0,0.06975302,Harry Kane,2019
0.0,0.060492933,Son Heung-Min,2019
1.0,0.131781,Harry Kane,2019
0.0,0.069762275,Harry Kane,2019
1.0,0.13865682,Moussa Sissoko,2019
0.0,0.079837136,Dele Alli,2019
0.0,0.013969044,Harry Kane,2019
0.0,0.13690577,Son Heung-Min,2019
1.0,0.08751037,Lucas Moura,2019
0.0,0.14773075,Dele Alli,2019
0.0,0.1389697,Harry Kane,2019
0.0,0.18543515,Harry Kane,2019
0.0,0.14470412,Son Heung-Min,2019
0.0,0.026110983,Christian Eriksen,2019
0.0,0.037724476,Christian Eriksen,2019
0.0,0.02316109,Lucas Moura,2019
0.0,0.03798359,Harry Kane,2019
0.0,0.022218337,Lucas Moura,2019
0.0,0.11047748,Harry Kane,2019
1.0,0.14944832,Harry Kane,2019
1.0,0.09423473,Dele Alli,2019
0.0,0.15494935,Dele Alli,2019
0.0,0.017422417,Christian Eriksen,2019
0.0,0.14880456,Dele Alli,2019
0.0,0.17414625,Harry Kane,2019
0.0,0.032210417,Dele Alli,2019
0.0,0.158164,Dele Alli,2019
1.0,0.12027911,Christian Eriksen,2019
0.0,0.056244746,Christian Eriksen,2019
0.0,4.9553277e-05,Serge Aurier,2019
0.0,0.053281225,Giovani Lo Celso,2019
0.0,0.045142632,Giovani Lo Celso,2019
0.0,0.018503744,Christian Eriksen,2019
0.0,0.11236466,Lucas Moura,2019
0.0,0.032222833,Erik Lamela,2019
0.0,0.022793818,Dele Alli,2019
0.0,0.03832477,Christian Eriksen,2019
0.0,0.09112907,Giovani Lo Celso,2019
0.0,0.1405779,Harry Kane,2019
0.0,0.024674935,Lucas Moura,2019
0.0,0.04253868,Jan Vertonghen,2019
0.0,0.21221592,Lucas Moura,2019
0.0,0.04155508,Lucas Moura,2019
0.0,0.08653115,Son Heung-Min,2019
0.0,0.14277981,Dele Alli,2019
0.0,0.035998065,Christian Eriksen,2019
0.0,0.035005428,Lucas Moura,2019
0.0,0.0697244,Lucas Moura,2019
0.0,0.067064635,Lucas Moura,2019
0.0,0.06585259,Serge Aurier,2019
0.0,0.12898616,Son Heung-Min,2019
0.0,0.06390134,Toby Alderweireld,2019
0.0,0.036872845,Erik Lamela,2019
0.0,0.023532286,Son Heung-Min,2019
0.0,0.019725822,Japhet Tanganga,2019
0.0,0.053468425,Lucas Moura,2019
0.0,0.022139598,Son Heung-Min,2019
0.0,0.14518987,Lucas Moura,2019
0.0,0.052351445,Son Heung-Min,2019
0.0,0.3307283,Dele Alli,2019
0.0,0.03650948,Son Heung-Min,2019
0.0,0.16410887,Erik Lamela,2019
0.0,0.051894058,Serge Aurier,2019
0.0,0.450593,Erik Lamela,2019
0.0,0.76890236,Erik Lamela,2019
0.0,0.07037704,Erik Lamela,2019
0.0,0.20187774,Erik Lamela,2019
0.0,0.06436171,Dele Alli,2019
0.0,0.022915043,Son Heung-Min,2019
0.0,0.060436532,Son Heung-Min,2019
1.0,0.51993364,Dele Alli,2019
0.0,0.08257708,Son Heung-Min,2019
0.0,0.11902926,Dele Alli,2019
1.0,0.88800323,Son Heung-Min,2019
0.0,0.19595473,Christian Eriksen,2019
1.0,0.07674061,Steven Bergwijn,2019
1.0,0.13394439,Son Heung-Min,2019
0.0,2.3169132e-07,Toby Alderweireld,2019
0.0,0.17392862,Dele Alli,2019
0.0,0.018874614,Lucas Moura,2019
0.0,0.009036692,Dele Alli,2019
1.0,0.06247955,Toby Alderweireld,2019
0.0,0.13317403,Lucas Moura,2019
0.0,0.14878204,Dele Alli,2019
0.0,0.19716974,Dele Alli,2019
0.0,0.15513147,Steven Bergwijn,2019
0.0,0.025606489,Harry Winks,2019
1.0,0.30808648,Son Heung-Min,2019
0.0,0.1501588,Steven Bergwijn,2019
0.0,0.15870747,Son Heung-Min,2019
0.0,0.19742908,Steven Bergwijn,2019
0.0,0.16862366,Son Heung-Min,2019
0.0,0.15067177,Dele Alli,2019
0.0,0.06805137,Lucas Moura,2019
0.0,0.056583457,Son Heung-Min,2019
0.0,0.15181424,Lucas Moura,2019
0.0,0.097485386,Lucas Moura,2019
0.0,0.027170895,Davinson Sánchez,2019
0.0,0.021223368,Toby Alderweireld,2019
0.0,0.016119262,Lucas Moura,2019
1.0,0.42009214,Steven Bergwijn,2019
0.0,0.047045544,Davinson Sánchez,2019
0.0,0.061412416,Lucas Moura,2019
0.0,0.13853666,Ben Davies,2019
0.0,0.45197642,Dele Alli,2019
1.0,0.07117426,Serge Aurier,2019
0.0,0.22683586,Giovani Lo Celso,2019
0.0,0.032002877,Steven Bergwijn,2019
0.0,0.051061634,Erik Lamela,2019
0.0,0.009455202,Toby Alderweireld,2019
0.0,0.023663437,Giovani Lo Celso,2019
0.0,0.03656566,Dele Alli,2019
0.0,0.026186109,Lucas Moura,2019
0.0,0.032492783,Jan Vertonghen,2019
0.0,0.05223558,Giovani Lo Celso,2019
0.0,0.14966789,Dele Alli,2019
0.0,0.0074405754,Toby Alderweireld,2019
1.0,0.13001855,Steven Bergwijn,2019
0.0,0.030439224,Son Heung-Min,2019
0.0,0.030894795,Son Heung-Min,2019
0.0,0.0149273705,Harry Winks,2019
0.0,0.020535748,Serge Aurier,2019
0.0,0.08225549,Davinson Sánchez,2019
0.0,0.045784667,Harry Kane,2019
0.0,0.020701075,Harry Kane,2019
0.0,0.10964399,Harry Kane,2019
0.0,0.056996208,Dele Alli,2019
0.0,0.032203034,Eric Dier,2019
0.0,0.03338111,Eric Dier,2019
0.0,0.58809125,Harry Kane,2019
0.0,0.022059385,Harry Kane,2019
0.0,0.044408057,Dele Alli,2019
0.0,0.13096222,Harry Kane,2019
0.0,0.1266726,Erik Lamela,2019
0.0,0.103942096,Davinson Sánchez,2019
0.0,0.125039,Steven Bergwijn,2019
0.0,0.044332538,Eric Dier,2019
0.0,0.032178417,Harry Kane,2019
0.0,0.0406891,Moussa Sissoko,2019
0.0,0.05739447,Harry Kane,2019
0.0,0.19681887,Giovani Lo Celso,2019
0.0,0.029451497,Lucas Moura,2019
1.0,0.47478405,Harry Kane,2019
0.0,0.02931428,Lucas Moura,2019
0.0,0.036297385,Eric Dier,2019
0.0,0.043549128,Harry Kane,2019
0.0,0.02096667,Ben Davies,2019
0.0,0.027381644,Son Heung-Min,2019
0.0,0.051393308,Son Heung-Min,2019
0.0,0.0066705896,Ben Davies,2019
0.0,0.11118621,Erik Lamela,2019
0.0,0.023535814,Erik Lamela,2019
0.0,0.1005372,Harry Kane,2019
0.0,0.025513235,Toby Alderweireld,2019
0.0,0.26620623,Erik Lamela,2019
0.0,0.0072181853,Ben Davies,2019
0.0,0.068250865,Lucas Moura,2019
0.0,0.03169599,Harry Kane,2019
0.0,0.21646702,Harry Kane,2019
0.0,0.035204493,Lucas Moura,2019
0.0,0.13126336,Lucas Moura,2019
0.0,0.024440238,Serge Aurier,2019
0.0,0.10048465,Harry Kane,2019
1.0,0.13457449,Toby Alderweireld,2019
0.0,0.09730333,Harry Kane,2019
0.0,0.034955557,Giovani Lo Celso,2019
0.0,0.13130827,Son Heung-Min,2019
1.0,0.14112245,Son Heung-Min,2019
0.0,0.015304128,Son Heung-Min,2019
0.0,0.023522668,Lucas Moura,2019
0.0,0.103317745,Lucas Moura,2019
1.0,0.44740513,Harry Kane,2019
0.0,0.15869883,Erik Lamela,2019
1.0,0.5219116,Harry Kane,2019
0.0,0.13886875,Son Heung-Min,2019
0.0,0.0233686,Toby Alderweireld,2019
0.0,0.036229413,Harry Kane,2019
0.0,0.14269584,Son Heung-Min,2019
1.0,0.026312683,Harry Kane,2019
0.0,0.104922645,Harry Kane,2019
0.0,0.028079342,Giovani Lo Celso,2019
0.0,0.021005014,Son Heung-Min,2019
1.0,0.1517316,Harry Kane,2019
0.0,0.023900107,Harry Winks,2019
0.0,0.05497976,Ben Davies,2019
0.0,0.04369656,Toby Alderweireld,2019
0.0,0.1798928,Lucas Moura,2019
0.0,0.018525561,Son Heung-Min,2020
0.0,0.041174926,Son Heung-Min,2020
0.0,0.15131438,Dele Alli,2020
0.0,0.062566355,Lucas Moura,2020
0.0,0.18423542,Matt Doherty,2020
0.0,0.03814031,Lucas Moura,2020
0.0,0.15938579,Harry Kane,2020
0.0,0.12225189,Harry Kane,2020
1.0,0.11836033,Son Heung-Min,2020
1.0,0.19136608,Son Heung-Min,2020
0.0,0.004941475,Harry Kane,2020
1.0,0.1756437,Son Heung-Min,2020
1.0,0.36252114,Son Heung-Min,2020
0.0,0.19486241,Erik Lamela,2020
0.0,0.13818409,Erik Lamela,2020
0.0,0.08410707,Giovani Lo Celso,2020
0.0,0.26822847,Harry Kane,2020
0.0,0.6255567,Harry Kane,2020
0.0,0.200803,Harry Kane,2020
1.0,0.44507492,Lucas Moura,2020
0.0,0.015743315,Harry Kane,2020
0.0,0.035338942,Son Heung-Min,2020
0.0,0.17382203,Eric Dier,2020
0.0,0.047233935,Harry Kane,2020
0.0,0.04183082,Son Heung-Min,2020
0.0,0.02513604,Lucas Moura,2020
0.0,0.2198437,Giovani Lo Celso,2020
0.0,0.03281045,Giovani Lo Celso,2020
0.0,0.14352202,Steven Bergwijn,2020
0.0,0.25561664,Davinson Sánchez,2020
0.0,0.04264243,Lucas Moura,2020
0.0,0.088187516,Erik Lamela,2020
0.0,0.19864985,Harry Kane,2020
1.0,0.34708142,Tanguy NDombele Alvaro,2020
0.0,0.022814604,Erik Lamela,2020
0.0,0.21867958,Erik Lamela,2020
0.0,0.016666602,Sergio Reguilón,2020
0.0,0.33739084,Davinson Sánchez,2020
0.0,0.09641316,Tanguy NDombele Alvaro,2020
0.0,0.021054666,Pierre-Emile Højbjerg,2020
1.0,0.20412314,Son Heung-Min,2020
0.0,0.04662248,Harry Kane,2020
0.0,0.034926053,Serge Aurier,2020
1.0,0.15838014,Serge Aurier,2020
0.0,0.02277973,Harry Kane,2020
0.0,0.032734558,Tanguy NDombele Alvaro,2020
0.0,0.10234579,Dele Alli,2020
0.0,0.021878859,Sergio Reguilón,2020
1.0,0.12980467,Son Heung-Min,2020
1.0,0.061272442,Harry Kane,2020
0.0,0.032375164,Harry Kane,2020
0.0,0.063804545,Harry Kane,2020
0.0,0.07394035,Gareth Bale,2020
0.0,0.038140435,Harry Kane,2020
0.0,6.6029775e-06,Davinson Sánchez,2020
0.0,0.07796631,Harry Kane,2020
0.0,0.025900597,Tanguy NDombele Alvaro,2020
0.0,0.041279327,Harry Kane,2020
0.0,0.16341156,Son Heung-Min,2020
0.0,0.028099846,Harry Kane,2020
0.0,0.03496835,Harry Kane,2020
1.0,0.17400004,Son Heung-Min,2020
0.0,0.107327275,Erik Lamela,2020
0.0,0.06545513,Sergio Reguilón,2020
0.0,0.02120033,Son Heung-Min,2020
0.0,0.073263206,Erik Lamela,2020
0.0,0.027848514,Erik Lamela,2020
0.0,0.164254,Gareth Bale,2020
1.0,0.08461718,Gareth Bale,2020
0.0,0.072209455,Giovani Lo Celso,2020
0.0,0.19757013,Son Heung-Min,2020
0.0,0.30435187,Gareth Bale,2020
0.0,0.07025347,Harry Kane,2020
0.0,0.020439101,Gareth Bale,2020
0.0,0.02164907,Sergio Reguilón,2020
0.0,0.107953325,Harry Kane,2020
0.0,0.031685807,Son Heung-Min,2020
0.0,0.044479113,Sergio Reguilón,2020
0.0,0.33354247,Giovani Lo Celso,2020
0.0,0.031412885,Harry Kane,2020
0.0,0.026673531,Harry Kane,2020
0.0,0.026199391,Toby Alderweireld,2020
0.0,0.018893918,Son Heung-Min,2020
0.0,0.17449772,Carlos Vinicius,2020
1.0,0.24877605,Harry Kane,2020
0.0,0.1311133,Son Heung-Min,2020
1.0,0.12079979,Giovani Lo Celso,2020
0.0,0.024094759,Steven Bergwijn,2020
0.0,0.019118743,Serge Aurier,2020
0.0,0.022840982,Serge Aurier,2020
0.0,0.045458335,Harry Kane,2020
0.0,0.060025632,Eric Dier,2020
1.0,0.01758334,Son Heung-Min,2020
0.0,0.029247612,Pierre-Emile Højbjerg,2020
0.0,0.040797472,Harry Kane,2020
1.0,0.14072897,Harry Kane,2020
0.0,0.20381299,Harry Kane,2020
0.0,0.1529019,Son Heung-Min,2020
0.0,0.24586359,Tanguy NDombele Alvaro,2020
0.0,0.027334986,Sergio Reguilón,2020
0.0,0.05079753,Harry Kane,2020
0.0,0.040334307,Harry Kane,2020
0.0,0.1470204,Tanguy NDombele Alvaro,2020
0.0,0.039443243,Sergio Reguilón,2020
0.0,0.021713864,Pierre-Emile Højbjerg,2020
0.0,0.04601925,Eric Dier,2020
0.0,0.051698577,Harry Kane,2020
0.0,0.024784604,Serge Aurier,2020
0.0,0.18007118,Harry Kane,2020
1.0,0.18156202,Son Heung-Min,2020
0.0,0.16249014,Steven Bergwijn,2020
0.0,0.029555615,Harry Kane,2020
0.0,0.02744324,Harry Kane,2020
0.0,0.22571316,Harry Kane,2020
0.0,0.026921958,Harry Kane,2020
0.0,0.05535816,Eric Dier,2020
0.0,0.037463915,Harry Kane,2020
0.0,0.21537168,Harry Kane,2020
0.0,0.044125766,Harry Kane,2020
0.0,0.07568364,Harry Kane,2020
0.0,0.05072311,Toby Alderweireld,2020
0.0,0.01747296,Son Heung-Min,2020
0.0,0.07337087,Gareth Bale,2020
0.0,0.11677984,Son Heung-Min,2020
1.0,0.018478673,Tanguy NDombele Alvaro,2020
0.0,0.17130083,Harry Kane,2020
0.0,0.053865463,Sergio Reguilón,2020
0.0,0.06088937,Sergio Reguilón,2020
0.0,0.05329304,Eric Dier,2020
0.0,0.09074946,Tanguy NDombele Alvaro,2020
0.0,0.050882068,Eric Dier,2020
0.0,0.025327332,Harry Kane,2020
0.0,0.048350286,Steven Bergwijn,2020
0.0,0.071101,Pierre-Emile Højbjerg,2020
0.0,0.32368666,Toby Alderweireld,2020
0.0,0.063140795,Harry Kane,2020
0.0,0.28511077,Steven Bergwijn,2020
1.0,0.28731513,Son Heung-Min,2020
0.0,0.08646156,Ben Davies,2020
0.0,0.12668835,Tanguy NDombele Alvaro,2020
0.0,0.037772175,Harry Kane,2020
0.0,0.040292155,Son Heung-Min,2020
0.0,0.099077046,Harry Kane,2020
0.0,0.011498888,Harry Kane,2020
0.0,0.038417015,Pierre-Emile Højbjerg,2020
0.0,0.29173914,Sergio Reguilón,2020
0.0,0.29243022,Sergio Reguilón,2020
0.0,0.4373855,Son Heung-Min,2020
0.0,0.083558455,Eric Dier,2020
0.0,0.013350788,Harry Winks,2020
1.0,0.14550354,Harry Kane,2020
0.0,0.077830404,Pierre-Emile Højbjerg,2020
0.0,0.013518635,Harry Winks,2020
0.0,0.09028107,Moussa Sissoko,2020
0.0,0.120909974,Son Heung-Min,2020
0.0,0.06802403,Son Heung-Min,2020
0.0,0.05880162,Pierre-Emile Højbjerg,2020
0.0,0.050438706,Harry Kane,2020
0.0,0.03288125,Steven Bergwijn,2020
1.0,0.21231337,Serge Aurier,2020
0.0,0.028450804,Son Heung-Min,2020
1.0,0.083040215,Harry Kane,2020
0.0,0.004497325,Harry Kane,2020
0.0,0.10798798,Harry Kane,2020
1.0,0.1470755,Tanguy NDombele Alvaro,2020
0.0,0.016893366,Harry Kane,2020
0.0,0.13270298,Steven Bergwijn,2020
0.0,0.12460173,Son Heung-Min,2020
0.0,0.015954135,Tanguy NDombele Alvaro,2020
0.0,0.1426657,Harry Kane,2020
0.0,0.011962704,Son Heung-Min,2020
0.0,0.04256331,Son Heung-Min,2020
1.0,0.06276247,Pierre-Emile Højbjerg,2020
0.0,0.067072816,Steven Bergwijn,2020
0.0,0.10341059,Son Heung-Min,2020
0.0,0.026050422,Carlos Vinicius,2020
0.0,0.026595183,Son Heung-Min,2020
0.0,0.14211804,Carlos Vinicius,2020
0.0,0.18865122,Lucas Moura,2020
0.0,0.062273316,Erik Lamela,2020
0.0,0.034294438,Son Heung-Min,2020
0.0,0.14933513,Serge Aurier,2020
0.0,0.041440107,Erik Lamela,2020
0.0,0.026944052,Lucas Moura,2020
0.0,0.064406544,Eric Dier,2020
0.0,0.028395446,Son Heung-Min,2020
0.0,0.033123586,Erik Lamela,2020
0.0,0.12113363,Harry Kane,2020
0.0,0.12853444,Harry Kane,2020
0.0,0.16202958,Harry Kane,2020
0.0,0.037979078,Tanguy NDombele Alvaro,2020
0.0,0.23259543,Toby Alderweireld,2020
0.0,0.068628505,Son Heung-Min,2020
0.0,0.15546197,Tanguy NDombele Alvaro,2020
0.0,0.047407545,Harry Kane,2020
0.0,0.00231336,Harry Kane,2020
0.0,0.15253776,Ben Davies,2020
0.0,0.030602073,Harry Kane,2020
0.0,0.12978828,Harry Kane,2020
0.0,0.029307375,Erik Lamela,2020
0.0,0.027334737,Lucas Moura,2020
0.0,0.13208857,Sergio Reguilón,2020
0.0,0.07909032,Erik Lamela,2020
0.0,0.027460614,Harry Kane,2020
0.0,0.032724414,Davinson Sánchez,2020
0.0,0.08840643,Harry Kane,2020
1.0,0.020198362,Lucas Moura,2020
0.0,0.13515352,Lucas Moura,2020
0.0,0.100422814,Harry Kane,2020
0.0,0.11157839,Gareth Bale,2020
0.0,0.056490976,Gareth Bale,2020
0.0,0.022603733,Eric Dier,2020
1.0,0.43831137,Gareth Bale,2020
0.0,0.030707935,Harry Kane,2020
0.0,0.067389876,Harry Kane,2020
0.0,0.19985895,Lucas Moura,2020
1.0,0.037468657,Harry Kane,2020
0.0,0.13333423,Gareth Bale,2020
1.0,0.26494822,Lucas Moura,2020
0.0,0.15367061,Lucas Moura,2020
0.0,0.018557876,Serge Aurier,2020
1.0,0.054399222,Gareth Bale,2020
0.0,0.061493132,Sergio Reguilón,2020
0.0,0.043955185,Sergio Reguilón,2020
0.0,0.046197932,Harry Kane,2020
0.0,0.15953976,Son Heung-Min,2020
0.0,0.058367092,Son Heung-Min,2020
0.0,0.39035112,Dele Alli,2020
0.0,0.0178496,Son Heung-Min,2020
0.0,0.026971646,Harry Kane,2020
0.0,0.022594087,Gareth Bale,2020
0.0,0.27342576,Harry Kane,2020
0.0,0.1804165,Lucas Moura,2020
0.0,0.066577636,Son Heung-Min,2020
1.0,0.56551427,Gareth Bale,2020
0.0,0.059880428,Harry Kane,2020
0.0,0.22399296,Sergio Reguilón,2020
1.0,0.48409995,Gareth Bale,2020
1.0,0.02588169,Harry Kane,2020
0.0,0.026787002,Son Heung-Min,2020
0.0,0.165112,Sergio Reguilón,2020
0.0,0.035498116,Erik Lamela,2020
1.0,0.5037107,Harry Kane,2020
1.0,0.119254805,Erik Lamela,2020
0.0,0.022040835,Erik Lamela,2020
0.0,0.01876248,Harry Kane,2020
0.0,0.046240963,Harry Kane,2020
0.0,0.25544587,Davinson Sánchez,2020
0.0,0.020461261,Harry Kane,2020
1.0,0.42897686,Carlos Vinicius,2020
0.0,0.17524463,Carlos Vinicius,2020
0.0,0.13230562,Harry Kane,2020
0.0,0.016719388,Tanguy NDombele Alvaro,2020
0.0,0.06320268,Harry Kane,2020
0.0,0.16466878,Pierre-Emile Højbjerg,2020
0.0,0.019751998,Joe Rodon,2020
0.0,0.09588188,Harry Kane,2020
0.0,0.04898753,Harry Kane,2020
1.0,0.8029509,Harry Kane,2020
1.0,0.059307672,Harry Kane,2020
0.0,0.0679091,Harry Kane,2020
0.0,0.31891108,Harry Kane,2020
0.0,0.022382632,Pierre-Emile Højbjerg,2020
0.0,0.15662558,Harry Kane,2020
0.0,0.040650774,Gareth Bale,2020
0.0,0.13040237,Lucas Moura,2020
0.0,0.020090874,Harry Kane,2020
0.0,0.1326132,Serge Aurier,2020
0.0,0.071466655,Serge Aurier,2020
0.0,0.040774357,Harry Kane,2020
0.0,0.0369977,Moussa Sissoko,2020
0.0,0.019269768,Serge Aurier,2020
0.0,0.03466114,Son Heung-Min,2020
0.0,0.016993217,Harry Kane,2020
0.0,0.09934726,Tanguy NDombele Alvaro,2020
1.0,0.31864002,Harry Kane,2020
0.0,0.006185669,Harry Kane,2020
0.0,0.1282275,Son Heung-Min,2020
0.0,0.042697027,Toby Alderweireld,2020
1.0,0.3407005,Harry Kane,2020
0.0,0.03346741,Son Heung-Min,2020
0.0,0.025760211,Harry Kane,2020
0.0,0.033047147,Erik Lamela,2020
0.0,0.14096475,Harry Kane,2020
0.0,0.13137136,Giovani Lo Celso,2020
0.0,0.017483613,Lucas Moura,2020
0.0,0.038880166,Giovani Lo Celso,2020
0.0,0.054214597,Eric Dier,2020
0.0,0.049861386,Toby Alderweireld,2020
0.0,0.22016299,Lucas Moura,2020
0.0,0.121658,Son Heung-Min,2020
0.0,0.026071362,Gareth Bale,2020
0.0,0.19558567,Lucas Moura,2020
1.0,0.13839631,Gareth Bale,2020
0.0,0.032120313,Gareth Bale,2020
0.0,0.004272963,Dele Alli,2020
0.0,0.034690734,Son Heung-Min,2020
0.0,0.09184197,Harry Kane,2020
0.0,0.054557275,Harry Kane,2020
0.0,0.021201203,Harry Kane,2020
0.0,0.03353202,Dele Alli,2020
0.0,0.027797299,Gareth Bale,2020
1.0,0.19014817,Gareth Bale,2020
0.0,0.07357933,Gareth Bale,2020
1.0,0.08346568,Gareth Bale,2020
0.0,0.060854804,Toby Alderweireld,2020
0.0,0.051614366,Toby Alderweireld,2020
1.0,0.05068618,Son Heung-Min,2020
0.0,0.06193076,Harry Kane,2020
0.0,0.32338905,Harry Kane,2020
0.0,0.019760493,Gareth Bale,2020
0.0,0.09655037,Dele Alli,2020
0.0,0.03771082,Harry Kane,2020
0.0,0.02802061,Serge Aurier,2020
0.0,0.08843702,Harry Kane,2020
0.0,0.15591279,Erik Lamela,2020
0.0,0.027418483,Harry Kane,2020
0.0,0.032015596,Giovani Lo Celso,2020
0.0,0.07292848,Gareth Bale,2020
0.0,0.08186115,Harry Kane,2020
0.0,0.14422226,Gareth Bale,2020
0.0,0.13051556,Son Heung-Min,2020
0.0,0.011047544,Dele Alli,2020
0.0,0.32411224,Harry Kane,2020
0.0,0.39347827,Eric Dier,2020
1.0,0.18328302,Harry Kane,2020
0.0,0.03854779,Sergio Reguilón,2020
0.0,0.47170758,Dele Alli,2020
0.0,0.1974287,Harry Kane,2020
0.0,0.21767622,Dele Alli,2020
0.0,0.03281045,Harry Kane,2020
0.0,0.043470684,Giovani Lo Celso,2020
0.0,0.047431733,Gareth Bale,2020
1.0,0.40392372,Pierre-Emile Højbjerg,2020
0.0,0.14023738,Japhet Tanganga,2020
0.0,0.021118162,Dele Alli,2020
0.0,0.037024178,Harry Kane,2020
1.0,0.15935202,Steven Bergwijn,2020
0.0,0.059690632,Sergio Reguilón,2020
0.0,0.0018567895,Sergio Reguilón,2020
0.0,0.2965296,Steven Bergwijn,2020
0.0,0.16718383,Dele Alli,2020
0.0,0.013488177,Harry Winks,2020
0.0,0.07367463,Steven Bergwijn,2020
0.0,0.10879696,Harry Kane,2020
0.0,0.12258865,Gareth Bale,2020
0.0,0.08063821,Gareth Bale,2020
0.0,0.022042993,Matt Doherty,2020
1.0,0.2315616,Harry Kane,2020
0.0,0.14037295,Harry Kane,2020
0.0,0.019797536,Matt Doherty,2020
0.0,0.13145286,Davinson Sánchez,2021
0.0,0.04804701,Lucas Moura,2021
0.0,0.22329561,Son Heung-Min,2021
0.0,0.107559495,Son Heung-Min,2021
0.0,0.04037207,Son Heung-Min,2021
0.0,0.028637756,Lucas Moura,2021
0.0,0.016877132,Pierre-Emile Højbjerg,2021
1.0,0.034298573,Son Heung-Min,2021
0.0,0.11188018,Steven Bergwijn,2021
0.0,0.021295985,Steven Bergwijn,2021
0.0,0.19297352,Lucas Moura,2021
0.0,0.033877388,Son Heung-Min,2021
0.0,0.048920862,Steven Bergwijn,2021
0.0,0.15742867,Son Heung-Min,2021
0.0,0.16855526,Son Heung-Min,2021
0.0,0.21040039,Harry Kane,2021
0.0,0.12965833,Steven Bergwijn,2021
0.0,0.045995913,Eric Dier,2021
0.0,0.1747269,Pierre-Emile Højbjerg,2021
0.0,0.2799795,Steven Bergwijn,2021
0.0,0.13368316,Japhet Tanganga,2021
0.0,0.04148066,Eric Dier,2021
0.0,0.09925954,Davinson Sánchez,2021
0.0,0.052826643,Son Heung-Min,2021
0.0,0.037777495,Dele Alli,2021
0.0,0.09177713,Davinson Sánchez,2021
0.0,0.022819867,Son Heung-Min,2021
0.0,0.2002196,Dele Alli,2021
0.0,0.042640097,Lucas Moura,2021
0.0,0.05263255,Pierre-Emile Højbjerg,2021
0.0,0.29465315,Harry Kane,2021
0.0,0.05227901,Lucas Moura,2021
0.0,0.019450309,Son Heung-Min,2021
0.0,0.14744526,Giovani Lo Celso,2021
0.0,0.03412833,Giovani Lo Celso,2021
0.0,0.094685666,Harry Kane,2021
0.0,0.026431434,Giovani Lo Celso,2021
0.0,0.023135623,Tanguy NDombele Alvaro,2021
0.0,0.045667734,Harry Kane,2021
0.0,0.05640625,Son Heung-Min,2021
0.0,0.04963509,Japhet Tanganga,2021
0.0,0.019431246,Harry Kane,2021
0.0,0.07623513,Harry Kane,2021
0.0,0.024760503,Harry Kane,2021
0.0,0.1575551,Harry Kane,2021
1.0,0.32073104,Son Heung-Min,2021
0.0,0.031273253,Harry Kane,2021
1.0,0.1287951,Pierre-Emile Højbjerg,2021
0.0,0.072546594,Harry Kane,2021
0.0,0.022268882,Lucas Moura,2021
0.0,0.050534435,Emerson,2021
0.0,0.13407221,Son Heung-Min,2021
0.0,0.028767634,Son Heung-Min,2021
0.0,0.26868105,Son Heung-Min,2021
0.0,0.06041476,Harry Kane,2021
0.0,0.041239526,Giovani Lo Celso,2021
0.0,0.13611874,Harry Kane,2021
0.0,0.0739817,Harry Kane,2021
0.0,0.024931058,Tanguy NDombele Alvaro,2021
0.0,0.018432373,Pierre-Emile Højbjerg,2021
1.0,0.18931171,Harry Kane,2021
0.0,0.07168602,Tanguy NDombele Alvaro,2021
0.0,0.06570075,Lucas Moura,2021
0.0,0.00592818,Eric Dier,2021
0.0,0.040851284,Lucas Moura,2021
0.0,0.03489373,Tanguy NDombele Alvaro,2021
0.0,0.024402421,Lucas Moura,2021
0.0,0.07930017,Harry Kane,2021
0.0,1.0786275e-07,Eric Dier,2021
0.0,0.29946563,Lucas Moura,2021
0.0,0.050022632,Tanguy NDombele Alvaro,2021
0.0,0.0074796146,Sergio Reguilón,2021
0.0,0.12211231,Harry Kane,2021
0.0,0.022661135,Giovani Lo Celso,2021
0.0,0.07750177,Giovani Lo Celso,2021
0.0,0.1515641,Son Heung-Min,2021
0.0,0.11841471,Eric Dier,2021
0.0,0.3561165,Ben Davies,2021
0.0,0.14140709,Harry Kane,2021
0.0,0.19017674,Lucas Moura,2021
0.0,0.028043112,Harry Kane,2021
0.0,0.15888399,Harry Kane,2021
0.0,0.12543355,Emerson,2021
0.0,0.022384865,Ben Davies,2021
0.0,0.03858184,Giovani Lo Celso,2021
0.0,0.017165974,Pierre-Emile Højbjerg,2021
0.0,0.15204465,Harry Kane,2021
0.0,0.08652007,Son Heung-Min,2021
0.0,0.2382622,Harry Kane,2021
1.0,0.20244917,Pierre-Emile Højbjerg,2021
0.0,0.33328658,Ben Davies,2021
1.0,0.39776352,Sergio Reguilón,2021
0.0,0.032784283,Lucas Moura,2021
0.0,0.02461546,Son Heung-Min,2021
0.0,0.14486668,Sergio Reguilón,2021
0.0,0.044305373,Son Heung-Min,2021
0.0,0.07509346,Pierre-Emile Højbjerg,2021
0.0,0.38251114,Davinson Sánchez,2021
0.0,0.14161494,Harry Kane,2021
0.0,0.14696565,Harry Kane,2021
0.0,0.07591623,Ben Davies,2021
0.0,0.10855692,Oliver Skipp,2021
1.0,0.05801367,Lucas Moura,2021
0.0,0.13745654,Lucas Moura,2021
0.0,0.021043338,Oliver Skipp,2021
0.0,0.038853213,Son Heung-Min,2021
0.0,0.19728693,Harry Kane,2021
0.0,0.15823215,Ben Davies,2021
0.0,0.01744738,Harry Kane,2021
0.0,0.17372711,Harry Kane,2021
0.0,0.015485522,Pierre-Emile Højbjerg,2021
1.0,0.32857028,Davinson Sánchez,2021
0.0,0.05252222,Harry Kane,2021
1.0,0.30410296,Son Heung-Min,2021
0.0,0.19815376,Harry Kane,2021
1.0,0.14566472,Harry Kane,2021
0.0,0.18562846,Dele Alli,2021
0.0,0.2692387,Davinson Sánchez,2021
0.0,0.14888585,Harry Kane,2021
1.0,0.10513855,Son Heung-Min,2021
0.0,0.032116786,Son Heung-Min,2021
0.0,0.019312285,Japhet Tanganga,2021
0.0,0.13087553,Oliver Skipp,2021
0.0,0.045140143,Lucas Moura,2021
1.0,0.3892093,Lucas Moura,2021
0.0,0.12302673,Emerson,2021
0.0,0.10217296,Harry Kane,2021
0.0,0.07815601,Steven Bergwijn,2021
0.0,0.034766585,Sergio Reguilón,2021
0.0,0.28515837,Lucas Moura,2021
0.0,0.3221234,Lucas Moura,2021
0.0,0.028349832,Steven Bergwijn,2021
0.0,0.2094349,Davinson Sánchez,2021
0.0,0.0774253,Harry Kane,2021
0.0,0.027261844,Son Heung-Min,2021
0.0,0.050771944,Harry Kane,2021
0.0,0.120519884,Son Heung-Min,2021
0.0,0.16572991,Son Heung-Min,2021
0.0,0.18426077,Matt Doherty,2021
0.0,0.018469403,Matt Doherty,2021
0.0,0.021962272,Matt Doherty,2021
0.0,0.17168865,Matt Doherty,2021
0.0,0.08092951,Lucas Moura,2021
0.0,0.04692365,Ben Davies,2021
0.0,0.024258902,Lucas Moura,2021
0.0,0.18317683,Lucas Moura,2021
0.0,0.26290822,Son Heung-Min,2021
0.0,0.16459735,Pierre-Emile Højbjerg,2021
0.0,0.020408612,Harry Kane,2021
0.0,0.053439185,Davinson Sánchez,2021
0.0,0.05044339,Sergio Reguilón,2021
0.0,0.12486909,Harry Kane,2021
0.0,0.21975926,Son Heung-Min,2021
0.0,0.025203995,Pierre-Emile Højbjerg,2021
0.0,0.1364552,Sergio Reguilón,2021
0.0,0.026546378,Harry Kane,2021
0.0,0.025841532,Lucas Moura,2021
0.0,0.041269217,Harry Kane,2021
0.0,0.06097379,Emerson,2021
0.0,0.3632405,Son Heung-Min,2021
0.0,0.18318266,Harry Kane,2021
0.0,0.33585525,Son Heung-Min,2021
0.0,0.030922472,Son Heung-Min,2021
0.0,0.025312388,Pierre-Emile Højbjerg,2021
0.0,0.027918283,Ben Davies,2021
0.0,0.12256504,Harry Kane,2021
0.0,0.052688904,Harry Kane,2021
0.0,0.04448803,Lucas Moura,2021
0.0,0.112022445,Harry Kane,2021
0.0,0.022565767,Oliver Skipp,2021
0.0,0.36762366,Harry Kane,2021
0.0,0.07371678,Emerson,2021
0.0,0.2969988,Japhet Tanganga,2021
0.0,0.16691022,Lucas Moura,2021
0.0,0.041252635,Davinson Sánchez,2021
1.0,0.19299582,Harry Kane,2021
0.0,0.15855639,Harry Kane,2021
0.0,0.019542009,Harry Kane,2021
0.0,0.019586103,Pierre-Emile Højbjerg,2021
0.0,0.19884203,Sergio Reguilón,2021
0.0,0.03044792,Pierre-Emile Højbjerg,2021
0.0,0.051892765,Matt Doherty,2021
0.0,0.026439594,Japhet Tanganga,2021
0.0,0.067072816,Sergio Reguilón,2021
0.0,0.15199707,Harry Kane,2021
0.0,0.42825353,Matt Doherty,2021
0.0,0.032810297,Harry Winks,2021
0.0,0.06902102,Ryan Sessegnon,2021
0.0,0.2596626,Steven Bergwijn,2021
0.0,0.14373311,Steven Bergwijn,2021
0.0,0.023415463,Harry Kane,2021
0.0,0.27765533,Sergio Reguilón,2021
0.0,0.31121168,Lucas Moura,2021
0.0,0.42777056,Harry Kane,2021
0.0,0.044356525,Sergio Reguilón,2021
1.0,0.36042902,Son Heung-Min,2021
0.0,0.0696533,Son Heung-Min,2021
0.0,0.025091095,Harry Kane,2021
0.0,0.11361485,Harry Kane,2021
0.0,0.118925914,Dejan Kulusevski,2021
0.0,0.050255038,Lucas Moura,2021
0.0,0.09581439,Harry Kane,2021
0.0,0.050989438,Harry Kane,2021
0.0,0.028735612,Harry Kane,2021
0.0,0.035900842,Harry Winks,2021
0.0,0.08431348,Son Heung-Min,2021
0.0,0.16847636,Dejan Kulusevski,2021
0.0,0.03287867,Harry Kane,2021
0.0,0.106674455,Harry Kane,2021
0.0,0.14031959,Cristian Romero,2021
1.0,0.1738635,Dejan Kulusevski,2021
0.0,0.043409895,Son Heung-Min,2021
0.0,0.3386693,Harry Kane,2021
0.0,0.04747277,Emerson,2021
0.0,0.256959,Harry Kane,2021
0.0,0.08756185,Dejan Kulusevski,2021
0.0,0.027191788,Cristian Romero,2021
0.0,0.08797272,Dejan Kulusevski,2021
0.0,0.1599962,Lucas Moura,2021
0.0,0.18881106,Steven Bergwijn,2021
0.0,0.036737964,Son Heung-Min,2021
0.0,0.033031274,Harry Kane,2021
1.0,0.24343425,Matt Doherty,2021
0.0,0.35822612,Dejan Kulusevski,2021
1.0,0.12478867,Dejan Kulusevski,2021
1.0,0.19291003,Harry Kane,2021
0.0,0.13314356,Matt Doherty,2021
0.0,0.17965655,Son Heung-Min,2021
0.0,0.037337888,Ryan Sessegnon,2021
0.0,0.06518491,Dejan Kulusevski,2021
0.0,0.15359205,Dejan Kulusevski,2021
1.0,0.1479578,Son Heung-Min,2021
1.0,0.121112496,Son Heung-Min,2021
0.0,0.084376715,Son Heung-Min,2021
0.0,0.16520965,Harry Kane,2021
0.0,0.13422953,Matt Doherty,2021
0.0,0.10078031,Harry Kane,2021
1.0,0.13105735,Harry Kane,2021
0.0,0.039512657,Dejan Kulusevski,2021
0.0,0.25253028,Eric Dier,2021
0.0,0.14599572,Steven Bergwijn,2021
0.0,0.18669151,Davinson Sánchez,2021
0.0,0.03329768,Steven Bergwijn,2021
0.0,0.029722914,Pierre-Emile Højbjerg,2021
0.0,0.19653293,Eric Dier,2021
0.0,0.061175365,Pierre-Emile Højbjerg,2021
0.0,0.09230681,Matt Doherty,2021
0.0,0.080128156,Eric Dier,2021
0.0,0.02180026,Harry Kane,2021
0.0,0.10451462,Harry Kane,2021
0.0,0.022960868,Ben Davies,2021
1.0,0.23216403,Cristian Romero,2021
0.0,0.020348297,Harry Kane,2021
0.0,0.16977936,Dejan Kulusevski,2021
0.0,0.044665627,Matt Doherty,2021
0.0,0.10994801,Son Heung-Min,2021
0.0,0.08630035,Dejan Kulusevski,2021
1.0,0.05867168,Harry Kane,2021
0.0,0.11334197,Sergio Reguilón,2021
0.0,0.11710474,Harry Kane,2021
0.0,0.02538346,Pierre-Emile Højbjerg,2021
0.0,0.32952213,Son Heung-Min,2021
1.0,0.12574928,Son Heung-Min,2021
0.0,0.02084677,Pierre-Emile Højbjerg,2021
0.0,0.008967837,Sergio Reguilón,2021
0.0,0.017515529,Harry Kane,2021
0.0,0.17265722,Harry Kane,2021
0.0,0.11314757,Sergio Reguilón,2021
0.0,0.058842093,Dejan Kulusevski,2021
0.0,0.110433884,Sergio Reguilón,2021
0.0,0.28366515,Harry Kane,2021
0.0,0.13916905,Matt Doherty,2021
0.0,0.040652223,Rodrigo Bentancur,2021
1.0,0.18244419,Son Heung-Min,2021
0.0,0.12942101,Dejan Kulusevski,2021
0.0,0.032399043,Rodrigo Bentancur,2021
0.0,0.040186282,Eric Dier,2021
0.0,0.028264305,Harry Kane,2021
0.0,0.18212646,Harry Kane,2021
0.0,0.059844792,Eric Dier,2021
0.0,0.04334893,Son Heung-Min,2021
0.0,0.33633134,Pierre-Emile Højbjerg,2021
1.0,0.24328572,Ben Davies,2021
1.0,0.43684632,Matt Doherty,2021
1.0,0.33989277,Son Heung-Min,2021
0.0,0.13718311,Harry Kane,2021
1.0,0.57015306,Emerson,2021
0.0,0.13307141,Son Heung-Min,2021
0.0,0.07880077,Harry Kane,2021
1.0,0.19940375,Steven Bergwijn,2021
0.0,0.05848004,Son Heung-Min,2021
0.0,0.019469334,Harry Kane,2021
0.0,0.12856115,Harry Kane,2021
1.0,0.17803274,Son Heung-Min,2021
0.0,0.10337796,Matt Doherty,2021
0.0,0.023887917,Pierre-Emile Højbjerg,2021
0.0,0.03242007,Sergio Reguilón,2021
0.0,0.021952195,Pierre-Emile Højbjerg,2021
1.0,0.08075097,Dejan Kulusevski,2021
0.0,0.14259581,Harry Kane,2021
1.0,0.16948216,Son Heung-Min,2021
1.0,0.20048721,Son Heung-Min,2021
0.0,0.1989982,Son Heung-Min,2021
0.0,0.21883774,Son Heung-Min,2021
0.0,0.02160651,Rodrigo Bentancur,2021
0.0,0.2571761,Steven Bergwijn,2021
0.0,0.015474345,Rodrigo Bentancur,2021
0.0,0.018715981,Harry Kane,2021
0.0,0.1483455,Harry Kane,2021
0.0,0.2805162,Harry Kane,2021
0.0,0.19720705,Rodrigo Bentancur,2021
0.0,0.09731417,Dejan Kulusevski,2021
0.0,0.05851471,Eric Dier,2021
0.0,0.05512232,Lucas Moura,2021
0.0,0.107524365,Ben Davies,2021
1.0,0.13011706,Harry Kane,2021
0.0,0.18613389,Harry Kane,2021
0.0,0.019519025,Cristian Romero,2021
0.0,0.18560617,Lucas Moura,2021
1.0,0.27540764,Son Heung-Min,2021
0.0,0.04023728,Harry Kane,2021
0.0,0.0906853,Son Heung-Min,2021
0.0,0.088308364,Eric Dier,2021
0.0,0.08424845,Rodrigo Bentancur,2021
0.0,0.12839422,Harry Kane,2021
0.0,0.02738952,Pierre-Emile Højbjerg,2021
0.0,0.032045342,Emerson,2021
1.0,0.38102493,Son Heung-Min,2021
0.0,0.04307262,Dejan Kulusevski,2021
0.0,0.11035613,Ben Davies,2021
0.0,0.14595751,Harry Kane,2021
0.0,0.045641225,Emerson,2021
0.0,0.027397104,Harry Kane,2021
0.0,0.03421014,Rodrigo Bentancur,2021
1.0,0.4389373,Harry Kane,2021
0.0,0.13051102,Harry Kane,2021
0.0,0.26079854,Emerson,2021
1.0,0.18907246,Son Heung-Min,2021
0.0,0.016723905,Harry Kane,2021
0.0,0.36481372,Son Heung-Min,2021
0.0,0.12960121,Harry Kane,2021
0.0,0.060126893,Harry Kane,2021
0.0,0.12993133,Ryan Sessegnon,2021
0.0,0.038290426,Harry Kane,2021
0.0,0.023945903,Davinson Sánchez,2021
0.0,0.031618517,Emerson,2021
0.0,0.22991034,Harry Kane,2021
0.0,0.035652623,Ben Davies,2021
0.0,0.16405912,Harry Kane,2021
0.0,0.01817677,Emerson,2021
0.0,0.051793195,Lucas Moura,2021
0.0,0.058306925,Ben Davies,2021
0.0,0.020077951,Harry Kane,2021
0.0,0.1309035,Harry Kane,2021
0.0,0.13407306,Ryan Sessegnon,2021
0.0,0.037817504,Rodrigo Bentancur,2021
0.0,0.20118025,Son Heung-Min,2021
0.0,0.013289473,Pierre-Emile Højbjerg,2021
0.0,0.020916231,Rodrigo Bentancur,2021
0.0,0.027043493,Harry Kane,2021
0.0,0.15383744,Harry Kane,2021
0.0,0.052584972,Harry Kane,2021
1.0,0.2755635,Dejan Kulusevski,2021
1.0,0.1725932,Harry Kane,2021
0.0,0.13412331,Son Heung-Min,2021
0.0,0.0471413,Harry Kane,2021
0.0,0.4024768,Son Heung-Min,2021
0.0,0.5858483,Son Heung-Min,2021
0.0,0.16155504,Dejan Kulusevski,2021
1.0,0.046343803,Dejan Kulusevski,2021
0.0,0.19262506,Son Heung-Min,2021
1.0,0.21232252,Son Heung-Min,2021
0.0,0.0326451,Harry Kane,2021
1.0,0.3381775,Ryan Sessegnon,2022
0.0,0.09887093,Son Heung-Min,2022
1.0,0.025595581,Eric Dier,2022
0.0,0.03263715,Ben Davies,2022
0.0,0.12603144,Dejan Kulusevski,2022
0.0,0.23431195,Son Heung-Min,2022
0.0,0.16900854,Harry Kane,2022
0.0,0.254913,Cristian Romero,2022
0.0,0.12441967,Ryan Sessegnon,2022
1.0,0.06682523,Dejan Kulusevski,2022
0.0,0.36318055,Son Heung-Min,2022
0.0,0.030878725,Cristian Romero,2022
0.0,0.13544095,Son Heung-Min,2022
0.0,0.18453415,Son Heung-Min,2022
0.0,0.021798227,Ryan Sessegnon,2022
0.0,0.11268151,Son Heung-Min,2022
0.0,0.16410887,Harry Kane,2022
1.0,0.029176818,Pierre-Emile Højbjerg,2022
0.0,0.014704982,Harry Kane,2022
0.0,0.05385064,Harry Kane,2022
0.0,0.2576889,Davinson Sánchez,2022
0.0,0.069917805,Harry Kane,2022
0.0,0.21125038,Son Heung-Min,2022
0.0,0.13738829,Harry Kane,2022
0.0,0.1407108,Son Heung-Min,2022
1.0,0.4539456,Harry Kane,2022
0.0,0.30180988,Emerson,2022
1.0,0.1294321,Harry Kane,2022
0.0,0.14250003,Ben Davies,2022
0.0,0.031798888,Son Heung-Min,2022
0.0,0.051826976,Harry Kane,2022
0.0,0.04885357,Dejan Kulusevski,2022
0.0,0.1208151,Harry Kane,2022
0.0,0.13716565,Son Heung-Min,2022
0.0,0.13605958,Dejan Kulusevski,2022
0.0,0.08707071,Dejan Kulusevski,2022
0.0,0.046025213,Pierre-Emile Højbjerg,2022
0.0,0.050821032,Dejan Kulusevski,2022
0.0,0.2876218,Richarlison,2022
1.0,0.29591238,Harry Kane,2022
0.0,0.019153433,Emerson,2022
0.0,0.06955628,Harry Kane,2022
0.0,0.02188785,Pierre-Emile Højbjerg,2022
0.0,0.22588898,Son Heung-Min,2022
0.0,0.160771,Harry Kane,2022
0.0,0.035473946,Son Heung-Min,2022
0.0,0.10542603,Davinson Sánchez,2022
0.0,0.11913955,Harry Kane,2022
0.0,0.13028502,Harry Kane,2022
0.0,0.018468764,Rodrigo Bentancur,2022
0.0,0.17574923,Richarlison,2022
0.0,0.05907538,Eric Dier,2022
0.0,0.20193668,Son Heung-Min,2022
0.0,0.40546238,Son Heung-Min,2022
0.0,0.017929507,Clement Lenglet,2022
1.0,0.19705634,Pierre-Emile Højbjerg,2022
0.0,0.08808121,Ryan Sessegnon,2022
0.0,0.16971461,Harry Kane,2022
0.0,0.3473886,Eric Dier,2022
0.0,0.10341935,Richarlison,2022
0.0,0.12682195,Ryan Sessegnon,2022
0.0,0.038925897,Ryan Sessegnon,2022
0.0,0.21646434,Cristian Romero,2022
0.0,0.13941951,Son Heung-Min,2022
0.0,0.021067869,Ryan Sessegnon,2022
0.0,0.04843085,Cristian Romero,2022
0.0,0.04291417,Ryan Sessegnon,2022
0.0,0.23239616,Ryan Sessegnon,2022
1.0,0.56268686,Harry Kane,2022
0.0,0.16668637,Richarlison,2022
0.0,0.16070853,Ivan Perisic,2022
0.0,0.036270328,Pierre-Emile Højbjerg,2022
1.0,0.13234177,Eric Dier,2022
0.0,0.15625736,Richarlison,2022
0.0,0.06660262,Davinson Sánchez,2022
1.0,0.12341026,Rodrigo Bentancur,2022
0.0,0.073837765,Dejan Kulusevski,2022
0.0,0.0151310405,Eric Dier,2022
0.0,0.13377841,Dejan Kulusevski,2022
0.0,0.17539656,Rodrigo Bentancur,2022
0.0,0.098675855,Harry Kane,2022
1.0,0.0331467,Son Heung-Min,2022
1.0,0.13179211,Son Heung-Min,2022
0.0,0.23721404,Richarlison,2022
0.0,0.04630559,Ivan Perisic,2022
0.0,0.14307387,Harry Kane,2022
0.0,0.02150303,Pierre-Emile Højbjerg,2022
0.0,0.09196343,Pierre-Emile Højbjerg,2022
0.0,0.025670025,Harry Kane,2022
0.0,0.059670035,Son Heung-Min,2022
0.0,0.035148177,Harry Kane,2022
0.0,0.15649126,Matt Doherty,2022
0.0,0.027078157,Rodrigo Bentancur,2022
1.0,0.12257931,Harry Kane,2022
0.0,0.15446702,Harry Kane,2022
0.0,0.017420817,Harry Kane,2022
0.0,0.037456002,Harry Kane,2022
0.0,0.07277481,Richarlison,2022
0.0,0.054847613,Son Heung-Min,2022
0.0,0.032890014,Harry Kane,2022
0.0,0.031381648,Pierre-Emile Højbjerg,2022
0.0,0.21795787,Harry Kane,2022
0.0,0.022324068,Cristian Romero,2022
0.0,0.048883114,Richarlison,2022
0.0,0.048412286,Eric Dier,2022
0.0,0.29640087,Richarlison,2022
0.0,0.14056852,Harry Kane,2022
0.0,0.028353315,Matt Doherty,2022
0.0,0.3441194,Son Heung-Min,2022
0.0,0.14453077,Matt Doherty,2022
0.0,0.018759215,Son Heung-Min,2022
0.0,0.20613278,Harry Kane,2022
0.0,0.046078965,Harry Kane,2022
1.0,0.19191971,Pierre-Emile Højbjerg,2022
0.0,0.13166499,Ivan Perisic,2022
0.0,0.022600794,Rodrigo Bentancur,2022
0.0,0.025731841,Rodrigo Bentancur,2022
0.0,0.03801964,Matt Doherty,2022
0.0,0.028964866,Son Heung-Min,2022
0.0,0.051710382,Harry Kane,2022
0.0,0.11452325,Harry Kane,2022
0.0,0.02212935,Ivan Perisic,2022
0.0,0.25445253,Harry Kane,2022
0.0,0.033714257,Son Heung-Min,2022
0.0,0.078438014,Son Heung-Min,2022
0.0,0.14179435,Son Heung-Min,2022
0.0,0.032238748,Yves Bissouma,2022
0.0,0.038067907,Ryan Sessegnon,2022
0.0,0.16840386,Rodrigo Bentancur,2022
0.0,0.066982195,Eric Dier,2022
0.0,0.12708288,Harry Kane,2022
0.0,0.10391373,Clement Lenglet,2022
1.0,0.33099222,Harry Kane,2022
0.0,0.15308519,Son Heung-Min,2022
0.0,0.024215767,Ben Davies,2022
0.0,0.114845656,Oliver Skipp,2022
0.0,0.14880456,Emerson,2022
0.0,0.028068531,Son Heung-Min,2022
0.0,0.03133511,Ben Davies,2022
0.0,0.033365447,Pierre-Emile Højbjerg,2022
0.0,0.11138377,Pierre-Emile Højbjerg,2022
0.0,0.11700337,Clement Lenglet,2022
1.0,0.14481589,Ryan Sessegnon,2022
0.0,0.07348597,Ivan Perisic,2022
0.0,0.14551532,Clement Lenglet,2022
0.0,0.37920582,Harry Kane,2022
0.0,0.24778853,Son Heung-Min,2022
0.0,0.027715717,Pierre-Emile Højbjerg,2022
0.0,0.119505264,Son Heung-Min,2022
0.0,0.08560426,Lucas Moura,2022
0.0,0.051846825,Clement Lenglet,2022
0.0,0.35928747,Ivan Perisic,2022
0.0,0.12878878,Pierre-Emile Højbjerg,2022
0.0,0.010933717,Ryan Sessegnon,2022
0.0,0.085998565,Ryan Sessegnon,2022
0.0,0.12462502,Eric Dier,2022
0.0,0.20719996,Ivan Perisic,2022
0.0,0.008025539,Harry Kane,2022
1.0,0.13421072,Harry Kane,2022
0.0,0.027650513,Yves Bissouma,2022
0.0,0.11730367,Rodrigo Bentancur,2022
0.0,0.055246558,Harry Kane,2022
0.0,0.14565033,Emerson,2022
0.0,0.028565435,Dejan Kulusevski,2022
0.0,0.23377146,Emerson,2022
0.0,0.12402182,Dejan Kulusevski,2022
0.0,0.13839953,Richarlison,2022
0.0,0.3044921,Harry Kane,2022
1.0,0.077626295,Ben Davies,2022
0.0,0.04188743,Dejan Kulusevski,2022
0.0,0.01990636,Yves Bissouma,2022
1.0,0.178916,Rodrigo Bentancur,2022
1.0,0.29922205,Rodrigo Bentancur,2022
0.0,0.07342421,Harry Kane,2022
0.0,0.021003071,Son Heung-Min,2022
0.0,0.03801964,Dejan Kulusevski,2022
0.0,0.03403929,Son Heung-Min,2022
0.0,0.023300495,Clement Lenglet,2022
1.0,0.06439267,Harry Kane,2022
1.0,0.27883193,Pierre-Emile Højbjerg,2022
0.0,0.36143777,Harry Kane,2022
0.0,0.25505394,Matt Doherty,2022
0.0,0.020778753,Davinson Sánchez,2022
0.0,0.20208971,Harry Kane,2022
0.0,0.015448184,Pierre-Emile Højbjerg,2022
0.0,0.14673868,Matt Doherty,2022
0.0,0.14367835,Ivan Perisic,2022
0.0,0.20119697,Harry Kane,2022
0.0,0.019707667,Son Heung-Min,2022
0.0,0.04511368,Bryan Gil Salvatierra,2022
0.0,0.025762102,Bryan Gil Salvatierra,2022
0.0,0.12996036,Pierre-Emile Højbjerg,2022
0.0,0.02590914,Harry Kane,2022
0.0,0.05258552,Harry Kane,2022
1.0,0.27780193,Harry Kane,2022
1.0,0.13605958,Harry Kane,2022
0.0,0.15913707,Son Heung-Min,2022
1.0,0.22258402,Matt Doherty,2022
0.0,0.15512088,Matt Doherty,2022
0.0,3.104386e-08,Hugo Lloris,2022
0.0,0.18793097,Son Heung-Min,2022
0.0,0.016911028,Pierre-Emile Højbjerg,2022
0.0,0.23139073,Harry Kane,2022
0.0,0.031749364,Dejan Kulusevski,2022
0.0,0.13574173,Ryan Sessegnon,2022
0.0,0.031438835,Harry Kane,2022
0.0,0.1529393,Ryan Sessegnon,2022
0.0,0.11642317,Son Heung-Min,2022
0.0,0.03820187,Son Heung-Min,2022
0.0,0.13492794,Richarlison,2022
0.0,0.044382848,Son Heung-Min,2022
0.0,0.028393077,Dejan Kulusevski,2022
0.0,0.016633585,Emerson,2022
0.0,0.15089254,Son Heung-Min,2022
0.0,0.15498102,Harry Kane,2022
1.0,0.11118404,Dejan Kulusevski,2022
0.0,0.08543511,Harry Kane,2022
1.0,0.074934386,Emerson,2022
0.0,0.3637308,Ivan Perisic,2022
0.0,0.027100088,Harry Kane,2022
0.0,0.013034806,Pierre-Emile Højbjerg,2022
0.0,0.15413776,Ben Davies,2022
0.0,0.016602961,Harry Kane,2022
0.0,0.016435876,Dejan Kulusevski,2022
0.0,0.37671703,Harry Kane,2022
0.0,0.037625864,Harry Kane,2022
0.0,0.207248,Harry Kane,2022
1.0,0.2249891,Harry Kane,2022
0.0,0.03840997,Dejan Kulusevski,2022
0.0,0.10614728,Eric Dier,2022
0.0,0.091273434,Eric Dier,2022
0.0,0.047309984,Eric Dier,2022
0.0,0.05305005,Ben Davies,2022
0.0,0.024602283,Harry Kane,2022
0.0,0.21156496,Harry Kane,2022
0.0,0.031137988,Son Heung-Min,2022
0.0,0.060421348,Pierre-Emile Højbjerg,2022
0.0,0.1453676,Rodrigo Bentancur,2022
0.0,0.035209987,Ivan Perisic,2022
0.0,0.02115829,Ivan Perisic,2022
0.0,0.15455137,Ben Davies,2022
1.0,0.36028087,Rodrigo Bentancur,2022
0.0,0.10182622,Ivan Perisic,2022
0.0,0.01687282,Rodrigo Bentancur,2022
0.0,0.044324275,Eric Dier,2022
0.0,0.098174565,Son Heung-Min,2022
0.0,0.1654768,Harry Kane,2022
0.0,0.02067143,Harry Kane,2022
0.0,0.054522876,Emerson,2022
0.0,0.08930402,Richarlison,2022
0.0,0.03201316,Cristian Romero,2022
0.0,0.022867901,Harry Kane,2022
0.0,0.14937852,Richarlison,2022
0.0,0.10378725,Harry Kane,2022
1.0,0.16900648,Emerson,2022
0.0,0.025886105,Clement Lenglet,2022
0.0,0.045074135,Dejan Kulusevski,2022
0.0,0.045089837,Pierre-Emile Højbjerg,2022
1.0,0.15181041,Son Heung-Min,2022
0.0,0.036059372,Harry Kane,2022
0.0,0.119310245,Pierre-Emile Højbjerg,2022
0.0,0.038898557,Richarlison,2022
1.0,0.027828952,Oliver Skipp,2022
0.0,0.12409457,Eric Dier,2022
1.0,0.36268136,Harry Kane,2022
0.0,0.05262818,Dejan Kulusevski,2022
0.0,0.033291753,Son Heung-Min,2022
0.0,0.09112907,Dejan Kulusevski,2022
0.0,0.028568929,Oliver Skipp,2022
0.0,0.047535535,Dejan Kulusevski,2022
0.0,0.027326101,Ben Davies,2022
0.0,0.034226567,Ivan Perisic,2022
0.0,0.1364552,Son Heung-Min,2022
0.0,0.093501836,Pedro Porro,2022
0.0,0.024877852,Dejan Kulusevski,2022
0.0,0.1074062,Harry Kane,2022
0.0,0.024879724,Pedro Porro,2022
0.0,0.044302467,Clement Lenglet,2022
0.0,0.02239166,Son Heung-Min,2022
0.0,0.017461201,Pedro Porro,2022
0.0,0.08399874,Harry Kane,2022
0.0,0.22193015,Harry Kane,2022
0.0,0.02268012,Ivan Perisic,2022
0.0,0.008998609,Son Heung-Min,2022
0.0,0.017585598,Harry Kane,2022
0.0,0.026474375,Oliver Skipp,2022
0.0,0.121230744,Harry Kane,2022
0.0,0.024638811,Son Heung-Min,2022
0.0,0.15238294,Harry Kane,2022
0.0,0.17205358,Son Heung-Min,2022
1.0,0.2796635,Son Heung-Min,2022
0.0,0.20048814,Son Heung-Min,2022
0.0,0.13506208,Dejan Kulusevski,2022
0.0,0.12038267,Pedro Porro,2022
0.0,0.14009997,Harry Kane,2022
0.0,0.13425188,Pedro Porro,2022
0.0,0.02388218,Son Heung-Min,2022
0.0,0.02442393,Dejan Kulusevski,2022
1.0,0.16035855,Pedro Porro,2022
0.0,0.13461022,Ivan Perisic,2022
0.0,0.2360907,Ivan Perisic,2022
0.0,0.049690995,Harry Kane,2022
0.0,0.025037613,Dejan Kulusevski,2022
1.0,0.4626324,Harry Kane,2022
1.0,0.031936176,Ivan Perisic,2022
0.0,0.018572317,Ivan Perisic,2022
0.0,0.25261304,Harry Kane,2022
0.0,0.14405435,Harry Kane,2022
0.0,0.020873766,Pedro Porro,2022
1.0,0.022199625,Son Heung-Min,2022
0.0,0.14452012,Harry Kane,2022
0.0,0.13183732,Pierre-Emile Højbjerg,2022
0.0,0.12340933,Pedro Porro,2022
0.0,0.12168879,Ivan Perisic,2022
0.0,0.09507023,Harry Kane,2022
0.0,0.024072656,Pedro Porro,2022
1.0,0.14701404,Harry Kane,2022
0.0,0.050068084,Dejan Kulusevski,2022
0.0,0.063224055,Dejan Kulusevski,2022
1.0,0.28428662,Son Heung-Min,2022
0.0,0.020297268,Harry Kane,2022
0.0,0.1329739,Son Heung-Min,2022
0.0,0.05945656,Harry Kane,2022
0.0,0.07716748,Son Heung-Min,2022
0.0,0.116141796,Ivan Perisic,2022
0.0,0.026042573,Ivan Perisic,2022
0.0,0.14097682,Arnaut Danjuma Groeneveld,2022
0.0,0.107911795,Son Heung-Min,2022
0.0,0.021251507,Oliver Skipp,2022
0.0,0.25520036,Harry Kane,2022
0.0,0.019327192,Pierre-Emile Højbjerg,2022
0.0,0.11220363,Harry Kane,2022
0.0,0.024394667,Harry Kane,2022
0.0,0.074008584,Ivan Perisic,2022
0.0,0.01690437,Pedro Porro,2022
1.0,0.18690933,Arnaut Danjuma Groeneveld,2022
0.0,0.15968105,Harry Kane,2022
0.0,0.016509794,Dejan Kulusevski,2022
0.0,0.027378736,Son Heung-Min,2022
1.0,0.092247255,Harry Kane,2022
0.0,0.026337776,Son Heung-Min,2022
0.0,0.17593566,Son Heung-Min,2022
0.0,0.090072006,Pedro Porro,2022
0.0,0.13124782,Richarlison,2022
0.0,0.015399473,Pedro Porro,2022
0.0,0.017350834,Ivan Perisic,2022
0.0,0.027706811,Son Heung-Min,2022
0.0,0.15055786,Harry Kane,2022
0.0,0.08618601,Ivan Perisic,2022
0.0,0.016030848,Pierre-Emile Højbjerg,2022
0.0,0.2703601,Harry Kane,2022
1.0,0.15001585,Pedro Porro,2022
0.0,0.023505885,Pierre-Emile Højbjerg,2022
0.0,0.028167253,Pierre-Emile Højbjerg,2022
0.0,0.19298927,Son Heung-Min,2022
0.0,0.045648742,Dejan Kulusevski,2022
0.0,0.35014838,Eric Dier,2022
0.0,0.040063713,Harry Kane,2022
0.0,0.001572889,Pedro Porro,2022
1.0,0.33406943,Harry Kane,2022
0.0,0.16696994,Dejan Kulusevski,2022
0.0,0.3405256,Cristian Romero,2022
0.0,0.020091323,Pedro Porro,2022
1.0,0.15383017,Son Heung-Min,2022
0.0,0.15039307,Pierre-Emile Højbjerg,2022
0.0,0.13566701,Cristian Romero,2022
0.0,0.120676145,Pierre-Emile Højbjerg,2022
0.0,0.014647816,Clement Lenglet,2022
0.0,0.036280043,Pedro Porro,2022
0.0,0.024630724,Pedro Porro,2022
0.0,0.18442437,Harry Kane,2022
0.0,0.13270538,Dejan Kulusevski,2022
0.0,0.06841987,Harry Kane,2022
1.0,0.026385996,Harry Kane,2022
0.0,0.09305366,Son Heung-Min,2022
0.0,0.16449876,Davinson Sánchez,2022
0.0,0.25277135,Son Heung-Min,2022
0.0,0.056869425,Dejan Kulusevski,2022
0.0,0.0602127,Harry Kane,2022
0.0,0.03572527,Harry Kane,2022
0.0,0.088939615,Lucas Moura,2022
1.0,0.18936549,Harry Kane,2022
0.0,0.15798491,Harry Kane,2022
0.0,0.01807093,Yves Bissouma,2022
1.0,0.11787791,Pedro Porro,2022
0.0,0.20958379,Pedro Porro,2022
1.0,0.16210489,Harry Kane,2022
0.0,0.05927932,Richarlison,2022
0.0,0.13655305,Richarlison,2022
0.0,0.01223558,Dejan Kulusevski,2023
0.0,0.014146394,Micky van de Ven,2023
1.0,0.28308424,Cristian Romero,2023
0.0,0.005518954,Yves Bissouma,2023
0.0,0.01685395,Yves Bissouma,2023
0.0,0.06286415,James Maddison,2023
0.0,0.14199176,Son Heung-Min,2023
1.0,0.052238554,Emerson,2023
0.0,0.0150919445,Dejan Kulusevski,2023
0.0,0.006152187,Dejan Kulusevski,2023
0.0,0.025262002,Son Heung-Min,2023
0.0,0.01145191,Micky van de Ven,2023
0.0,0.03244971,James Maddison,2023
0.0,0.21657385,Pape Sarr,2023
0.0,0.21821839,Richarlison,2023
0.0,0.04729333,Pape Sarr,2023
0.0,0.17444593,Pape Sarr,2023
0.0,0.16479214,Pape Sarr,2023
0.0,0.13959636,Pedro Porro,2023
0.0,0.026926432,Dejan Kulusevski,2023
0.0,0.11887793,Cristian Romero,2023
1.0,0.46284783,Pape Sarr,2023
0.0,0.1529073,Iyenoma Destiny Udogie,2023
0.0,0.12220894,James Maddison,2023
0.0,0.030860534,Yves Bissouma,2023
0.0,0.2874475,Son Heung-Min,2023
0.0,0.12669411,Yves Bissouma,2023
0.0,0.07360456,Pape Sarr,2023
0.0,0.17348406,James Maddison,2023
0.0,0.15287602,James Maddison,2023
0.0,0.19431554,Richarlison,2023
0.0,0.15897554,Pape Sarr,2023
0.0,0.046159454,Dejan Kulusevski,2023
0.0,0.0067382585,Son Heung-Min,2023
0.0,0.06429552,Richarlison,2023
1.0,0.3541722,Dejan Kulusevski,2023
0.0,0.09952127,James Maddison,2023
0.0,0.042222485,Pedro Porro,2023
0.0,0.036138564,Son Heung-Min,2023
0.0,0.07689826,Pedro Porro,2023
0.0,0.019846546,Pedro Porro,2023
0.0,0.16000988,Manor Solomon,2023
0.0,0.13104327,Manor Solomon,2023
0.0,0.0345381,Pape Sarr,2023
0.0,0.0345381,James Maddison,2023
0.0,0.02050165,Pedro Porro,2023
0.0,0.39135855,Pape Sarr,2023
0.0,0.019160036,Pedro Porro,2023
0.0,0.02879376,Son Heung-Min,2023
1.0,0.023880737,Cristian Romero,2023
1.0,0.08084485,James Maddison,2023
0.0,0.028424177,Yves Bissouma,2023
0.0,0.024147904,Yves Bissouma,2023
1.0,0.21418229,Son Heung-Min,2023
1.0,0.19673003,Son Heung-Min,2023
0.0,0.016719332,Pape Sarr,2023
0.0,0.09951186,Pape Sarr,2023
0.0,0.07153357,Cristian Romero,2023
0.0,0.19885466,Yves Bissouma,2023
0.0,0.049672868,James Maddison,2023
0.0,0.04002984,James Maddison,2023
0.0,0.18739773,Son Heung-Min,2023
0.0,0.059746996,Dejan Kulusevski,2023
0.0,0.10065917,Pape Sarr,2023
0.0,0.14283948,Son Heung-Min,2023
0.0,0.1282624,Dejan Kulusevski,2023
0.0,0.024189347,Cristian Romero,2023
0.0,0.02294655,Manor Solomon,2023
0.0,0.12716497,Manor Solomon,2023
0.0,0.03511165,Dejan Kulusevski,2023
0.0,0.038005408,Dejan Kulusevski,2023
0.0,0.039233185,Yves Bissouma,2023
0.0,0.023728026,Manor Solomon,2023
0.0,0.12534602,Ivan Perisic,2023
0.0,0.20908257,Richarlison,2023
0.0,0.017647654,Pedro Porro,2023
0.0,0.04553993,Brennan Johnson,2023
0.0,0.036497086,Yves Bissouma,2023
0.0,0.050116554,Pape Sarr,2023
0.0,0.04049895,Pape Sarr,2023
0.0,4.5312316e-07,Cristian Romero,2023
0.0,0.28164414,Brennan Johnson,2023
0.0,0.26991686,Brennan Johnson,2023
1.0,0.24486695,Son Heung-Min,2023
1.0,0.20559628,Son Heung-Min,2023
0.0,0.02558261,James Maddison,2023
0.0,0.1417234,Son Heung-Min,2023
0.0,0.03735558,Dejan Kulusevski,2023
0.0,0.12633249,Dejan Kulusevski,2023
0.0,0.037174705,James Maddison,2023
0.0,0.098130755,Richarlison,2023
1.0,0.39513144,Son Heung-Min,2023
0.0,0.13477607,Richarlison,2023
0.0,0.018276373,Pape Sarr,2023
0.0,0.100176856,Richarlison,2023
0.0,0.033274204,James Maddison,2023
0.0,0.17183326,Son Heung-Min,2023
0.0,0.065216154,Cristian Romero,2023
0.0,0.08009281,Cristian Romero,2023
0.0,0.043826662,Yves Bissouma,2023
0.0,0.021558158,James Maddison,2023
0.0,0.029903704,Pedro Porro,2023
0.0,0.024999473,Manor Solomon,2023
0.0,0.038527895,Yves Bissouma,2023
0.0,0.06437259,James Maddison,2023
0.0,0.41605684,Richarlison,2023
0.0,0.18345398,Richarlison,2023
0.0,0.05192616,Son Heung-Min,2023
0.0,0.18761931,Son Heung-Min,2023
0.0,0.022981234,Micky van de Ven,2023
0.0,0.19952966,Son Heung-Min,2023
0.0,0.01847198,Richarlison,2023
0.0,0.026133923,Richarlison,2023
0.0,0.07892987,James Maddison,2023
0.0,0.03562804,Pierre-Emile Højbjerg,2023
1.0,0.1579186,Micky van de Ven,2023
0.0,0.030698637,Pedro Porro,2023
0.0,0.020963985,Dejan Kulusevski,2023
0.0,0.13899079,Richarlison,2023
0.0,0.02495284,James Maddison,2023
1.0,0.14522503,Son Heung-Min,2023
0.0,0.22245479,Iyenoma Destiny Udogie,2023
0.0,0.19110085,Dejan Kulusevski,2023
0.0,0.104400255,Richarlison,2023
1.0,0.15696977,James Maddison,2023
0.0,0.18780373,James Maddison,2023
0.0,0.0596386,Richarlison,2023
0.0,0.06159484,Yves Bissouma,2023
0.0,0.024559936,Richarlison,2023
0.0,0.13859,James Maddison,2023
1.0,0.3978478,Son Heung-Min,2023
0.0,0.019711092,Emerson,2023
0.0,0.08233003,Pedro Porro,2023
0.0,0.022729015,Dejan Kulusevski,2023
0.0,0.23305625,Son Heung-Min,2023
1.0,0.053160228,Dejan Kulusevski,2023
0.0,0.019617954,Pape Sarr,2023
0.0,0.13429183,Yves Bissouma,2023
0.0,0.01834666,Pierre-Emile Højbjerg,2023
0.0,0.2574701,Rodrigo Bentancur,2023
1.0,0.68239886,Brennan Johnson,2023
0.0,0.056203507,Ben Davies,2023
0.0,0.03238613,Dejan Kulusevski,2023
0.0,0.027325151,Brennan Johnson,2023
0.0,0.095703326,Giovani Lo Celso,2023
0.0,0.13733716,Iyenoma Destiny Udogie,2023
0.0,0.25096214,Dejan Kulusevski,2023
0.0,0.088476814,Bryan Gil Salvatierra,2023
1.0,0.029119473,Giovani Lo Celso,2023
0.0,0.024978956,Giovani Lo Celso,2023
0.0,0.045471914,Son Heung-Min,2023
0.0,0.06619152,Son Heung-Min,2023
0.0,0.1802538,Pedro Porro,2023
0.0,0.38353077,Ben Davies,2023
0.0,0.14378159,Dejan Kulusevski,2023
0.0,0.110331334,Pedro Porro,2023
1.0,0.15491025,Son Heung-Min,2023
0.0,1.2011485e-07,Son Heung-Min,2023
0.0,0.016125727,Brennan Johnson,2023
0.0,0.025581408,Brennan Johnson,2023
1.0,0.10758686,Giovani Lo Celso,2023
0.0,0.0087485425,Giovani Lo Celso,2023
0.0,0.015341323,Pierre-Emile Højbjerg,2023
1.0,0.047409073,Cristian Romero,2023
0.0,0.14135338,Brennan Johnson,2023
0.0,0.03813234,Pedro Porro,2023
0.0,0.0944412,Son Heung-Min,2023
0.0,0.073406115,Giovani Lo Celso,2023
0.0,0.023946473,Pedro Porro,2023
0.0,0.17174824,Giovani Lo Celso,2023
0.0,0.12797758,Brennan Johnson,2023
0.0,0.039844103,Dejan Kulusevski,2023
0.0,0.17424701,Yves Bissouma,2023
0.0,0.05709488,Brennan Johnson,2023
0.0,0.24240205,Cristian Romero,2023
0.0,0.02130395,Pedro Porro,2023
0.0,0.13545525,Richarlison,2023
0.0,0.12928905,Brennan Johnson,2023
0.0,0.13350374,Pape Sarr,2023
0.0,0.06675942,Pape Sarr,2023
0.0,0.120200686,Richarlison,2023
0.0,0.04179702,Cristian Romero,2023
0.0,0.31775713,Pape Sarr,2023
1.0,0.3232818,Richarlison,2023
0.0,0.07548849,Pedro Porro,2023
0.0,0.036919557,Brennan Johnson,2023
0.0,0.026738802,Richarlison,2023
0.0,0.043066483,Yves Bissouma,2023
1.0,0.20556557,Richarlison,2023
0.0,0.16171168,Son Heung-Min,2023
0.0,0.062186718,Dejan Kulusevski,2023
0.0,0.040623285,Son Heung-Min,2023
0.0,0.2605635,Oliver Skipp,2023
0.0,0.10972979,Son Heung-Min,2023
0.0,0.07602087,Son Heung-Min,2023
0.0,0.23929869,Ben Davies,2023
0.0,0.16856739,Pedro Porro,2023
0.0,0.038139105,Son Heung-Min,2023
1.0,0.4764167,Richarlison,2023
0.0,0.26055077,Son Heung-Min,2023
1.0,0.102920875,Dejan Kulusevski,2023
0.0,0.06513585,Dejan Kulusevski,2023
0.0,0.07476655,Pape Sarr,2023
0.0,0.35414198,Brennan Johnson,2023
0.0,0.039738797,Brennan Johnson,2023
1.0,0.09309653,Son Heung-Min,2023
0.0,0.060305536,Pedro Porro,2023
0.0,0.071391284,Pape Sarr,2023
0.0,0.029129447,Pedro Porro,2023
0.0,0.029578792,Brennan Johnson,2023
0.0,0.059377834,Pape Sarr,2023
0.0,0.12349161,Dejan Kulusevski,2023
0.0,0.29386222,Son Heung-Min,2023
0.0,0.071630284,Pedro Porro,2023
0.0,0.045148388,Son Heung-Min,2023
0.0,0.18972805,Son Heung-Min,2023
0.0,0.13126276,Richarlison,2023
0.0,0.024862032,Son Heung-Min,2023
0.0,0.1749491,Richarlison,2023
0.0,0.30496797,Iyenoma Destiny Udogie,2023
0.0,0.025919288,Pierre-Emile Højbjerg,2023
1.0,0.22753343,Alejo Véliz,2023
1.0,0.43627453,Ben Davies,2023
0.0,0.15378404,Richarlison,2023
1.0,0.09977119,Pape Sarr,2023
0.0,0.0342158,Emerson,2023
0.0,0.078673586,Rodrigo Bentancur,2023
0.0,0.12507641,Son Heung-Min,2023
0.0,0.18155544,Richarlison,2023
1.0,0.12637551,Son Heung-Min,2023
0.0,0.1586658,Richarlison,2023
0.0,0.063246116,Pedro Porro,2023
1.0,0.41766033,Richarlison,2023
0.0,0.48660234,Bryan Gil Salvatierra,2023
0.0,0.0992381,Pedro Porro,2023
0.0,0.032486502,Timo Werner,2023
0.0,0.043105487,Rodrigo Bentancur,2023
1.0,0.30193216,Richarlison,2023
0.0,0.020454323,Timo Werner,2023
0.0,0.035334047,Timo Werner,2023
0.0,0.038172357,Brennan Johnson,2023
1.0,0.21414094,Rodrigo Bentancur,2023
0.0,0.3908078,Cristian Romero,2023
0.0,0.040005825,Pierre-Emile Højbjerg,2023
0.0,0.088349186,Richarlison,2023
0.0,0.24385151,Rodrigo Bentancur,2023
0.0,0.044924688,Brennan Johnson,2023
0.0,0.18589246,Oliver Skipp,2023
0.0,0.16073193,James Maddison,2023
0.0,0.059658367,Timo Werner,2023
0.0,0.05597355,Timo Werner,2023
0.0,0.06514021,James Maddison,2023
0.0,0.059805688,Richarlison,2023
0.0,0.18501627,Iyenoma Destiny Udogie,2023
1.0,0.42629138,Iyenoma Destiny Udogie,2023
0.0,0.16746528,James Maddison,2023
1.0,0.41602924,Richarlison,2023
0.0,0.11545287,Dejan Kulusevski,2023
0.0,0.030965999,Pedro Porro,2023
0.0,0.14127961,James Maddison,2023
0.0,0.05061879,Timo Werner,2023
0.0,0.05909929,Pedro Porro,2023
1.0,0.3055413,Richarlison,2023
0.0,0.04095284,James Maddison,2023
1.0,0.08843522,Richarlison,2023
0.0,0.031306192,Pedro Porro,2023
0.0,0.0229699,Pierre-Emile Højbjerg,2023
0.0,0.08109153,James Maddison,2023
0.0,0.14722124,Richarlison,2023
0.0,0.019981548,Timo Werner,2023
0.0,0.21927197,Richarlison,2023
0.0,0.16841148,Dejan Kulusevski,2023
0.0,0.11735602,Richarlison,2023
0.0,0.030503405,Rodrigo Bentancur,2023
0.0,0.056609448,James Maddison,2023
0.0,0.068565995,Timo Werner,2023
0.0,0.013560683,Pape Sarr,2023
0.0,0.16949518,Pape Sarr,2023
1.0,0.16958186,Pape Sarr,2023
0.0,0.07990838,Brennan Johnson,2023
0.0,0.03043419,Richarlison,2023
0.0,0.035970174,Pape Sarr,2023
0.0,0.24328572,Richarlison,2023
0.0,0.16985714,Dejan Kulusevski,2023
1.0,0.1492121,Dejan Kulusevski,2023
0.0,0.25226653,Richarlison,2023
0.0,0.050380684,Dejan Kulusevski,2023
0.0,0.14547291,Dejan Kulusevski,2023
0.0,0.025954526,James Maddison,2023
0.0,0.070025794,Emerson,2023
0.0,0.16070966,Ben Davies,2023
0.0,0.16318303,Timo Werner,2023
0.0,0.02778748,Rodrigo Bentancur,2023
0.0,0.0371744,Timo Werner,2023
0.0,0.07948244,Son Heung-Min,2023
0.0,0.14730656,Son Heung-Min,2023
0.0,0.10333824,Iyenoma Destiny Udogie,2023
0.0,0.108660884,Timo Werner,2023
0.0,0.34909296,Brennan Johnson,2023
0.0,0.0739334,Cristian Romero,2023
0.0,0.046631552,Son Heung-Min,2023
1.0,0.32751587,Cristian Romero,2023
1.0,0.1264826,Son Heung-Min,2023
0.0,0.048799712,James Maddison,2023
1.0,0.5411608,James Maddison,2023
0.0,0.04866127,Dejan Kulusevski,2023
0.0,0.1509729,Brennan Johnson,2023
0.0,0.17176205,Dejan Kulusevski,2023
1.0,0.22299828,Son Heung-Min,2023
0.0,0.14505163,Son Heung-Min,2023
0.0,0.14389564,Radu Dragusin,2023
0.0,0.022819877,Son Heung-Min,2023
0.0,0.5086164,Brennan Johnson,2023
0.0,0.51928514,Timo Werner,2023
0.0,0.06114333,Timo Werner,2023
0.0,0.029667145,Rodrigo Bentancur,2023
0.0,0.187767,Richarlison,2023
0.0,0.18842244,Richarlison,2023
0.0,0.21960686,Timo Werner,2023
0.0,0.12869325,Son Heung-Min,2023
0.0,0.14309812,Timo Werner,2023
0.0,0.21374562,Pape Sarr,2023
0.0,0.030807655,Son Heung-Min,2023
0.0,0.21576819,Son Heung-Min,2023
0.0,0.2973108,Son Heung-Min,2023
0.0,0.25444528,Son Heung-Min,2023
0.0,0.01470295,Brennan Johnson,2023
0.0,0.18394338,James Maddison,2023
0.0,0.06361076,Rodrigo Bentancur,2023
0.0,0.16481683,Pedro Porro,2023
0.0,0.5544853,Brennan Johnson,2023
0.0,0.04913698,Pedro Porro,2023
0.0,0.019254195,Pedro Porro,2023
0.0,0.15015538,Son Heung-Min,2023
0.0,0.03252027,Rodrigo Bentancur,2023
0.0,0.14069413,James Maddison,2023
0.0,0.09419273,James Maddison,2023
0.0,0.055915374,Yves Bissouma,2023
0.0,0.07042216,Son Heung-Min,2023
0.0,0.07777419,Brennan Johnson,2023
0.0,0.015033808,Yves Bissouma,2023
0.0,0.018212188,Timo Werner,2023
0.0,0.09200154,James Maddison,2023
0.0,0.033209123,Yves Bissouma,2023
0.0,0.030196736,Yves Bissouma,2023
0.0,0.05776555,Yves Bissouma,2023
0.0,0.6292486,Brennan Johnson,2023
0.0,0.18388622,Son Heung-Min,2023
0.0,0.015357414,Pierre-Emile Højbjerg,2023
0.0,0.15343535,Brennan Johnson,2023
1.0,0.14025638,Pedro Porro,2023
0.0,0.050079677,James Maddison,2023
0.0,0.013653638,Pierre-Emile Højbjerg,2023
0.0,0.052835353,Pierre-Emile Højbjerg,2023
0.0,0.16518599,Son Heung-Min,2023
0.0,0.14472304,Rodrigo Bentancur,2023
0.0,0.24201305,Timo Werner,2023
0.0,0.037223224,Timo Werner,2023
0.0,0.20681924,Timo Werner,2023
0.0,0.021308275,Timo Werner,2023
0.0,0.11450852,Dejan Kulusevski,2023
0.0,0.021027608,James Maddison,2023
0.0,0.022818133,Pierre-Emile Højbjerg,2023
0.0,0.20161052,Cristian Romero,2023
0.0,0.039164584,Dejan Kulusevski,2023
0.0,0.090394124,Pedro Porro,2023
0.0,0.16939096,Brennan Johnson,2023
0.0,0.3775288,Cristian Romero,2023
0.0,0.030092182,Pedro Porro,2023
1.0,0.13065594,Cristian Romero,2023
0.0,0.3631022,Cristian Romero,2023
0.0,0.2790642,Cristian Romero,2023
0.0,0.15397587,Dejan Kulusevski,2023
0.0,0.28757495,Richarlison,2023
0.0,0.052433237,Pedro Porro,2023
0.0,0.14466643,Pape Sarr,2023
0.0,0.028264029,Emerson,2023
0.0,0.019866452,Pierre-Emile Højbjerg,2023
0.0,0.16368102,Brennan Johnson,2023
0.0,0.025205247,Rodrigo Bentancur,2023
0.0,0.03053522,Giovani Lo Celso,2023
0.0,0.021314401,James Maddison,2023
0.0,0.05735223,Cristian Romero,2023
0.0,0.024568561,Yves Bissouma,2023
0.0,0.11276153,Brennan Johnson,2023
0.0,0.1028645,James Maddison,2023
0.0,0.010460494,James Maddison,2023
0.0,0.035724632,James Maddison,2023
1.0,0.2794014,Richarlison,2023
1.0,0.24172886,Son Heung-Min,2023
0.0,0.03550888,Giovani Lo Celso,2023
0.0,0.10412647,Richarlison,2023
0.0,0.042503115,Son Heung-Min,2023
0.0,0.110620365,James Maddison,2023
0.0,0.023833299,Son Heung-Min,2023
0.0,0.021653261,Pedro Porro,2023
1.0,0.06352697,Pedro Porro,2023
0.0,0.043977313,Brennan Johnson,2023
0.0,0.038999744,Son Heung-Min,2023
0.0,0.02242932,James Maddison,2023
0.0,0.062238045,Pedro Porro,2023
0.0,0.24720827,James Maddison,2023
0.0,0.17203978,Micky van de Ven,2023
0.0,0.075996354,Cristian Romero,2023
0.0,0.043350156,Dejan Kulusevski,2023
0.0,0.05206196,Pedro Porro,2023
0.0,0.58074814,Brennan Johnson,2023
0.0,0.22265016,Pape Sarr,2023
1.0,0.17482634,Micky van de Ven,2023
0.0,0.21567,Rodrigo Bentancur,2023
0.0,0.05899576,Cristian Romero,2023
0.0,0.114130445,Cristian Romero,2023
0.0,0.07328341,Son Heung-Min,2023
0.0,0.4417925,Son Heung-Min,2023
0.0,0.019844886,Son Heung-Min,2023
0.0,0.2584919,Dejan Kulusevski,2023
0.0,0.022455169,Dejan Kulusevski,2023
0.0,0.15987553,Dejan Kulusevski,2023
0.0,0.02805511,Pape Sarr,2023
0.0,0.15478516,Son Heung-Min,2023
0.0,0.16169143,Dejan Kulusevski,2023
0.0,0.069560446,Dejan Kulusevski,2023
0.0,0.04058008,Rodrigo Bentancur,2023
0.0,0.07396462,Son Heung-Min,2023
0.0,0.2629003,Cristian Romero,2023
0.0,0.024852658,Pedro Porro,2023
0.0,0.34132206,James Maddison,2023
0.0,0.12962715,Brennan Johnson,2023
1.0,0.15065823,Pedro Porro,2023
0.0,0.1081322,Son Heung-Min,2023
0.0,0.06770992,Cristian Romero,2023
0.0,0.46454754,Brennan Johnson,2023
0.0,0.05323886,Dejan Kulusevski,2023
0.0,0.15963255,Oliver Skipp,2023
